Id,CNPJ,CPF,Nome,Ativo,Recadastrado,Município,UF,Natureza Jurídica,Porte da Empresa,Ramo do Negócio,Unidade Cadastradora,CNAE,CNAE Secundário,Habilitado a Licitar
1,00.000.000/0001-91,,BANCO DO BRASIL SA,Sim,,97012: BRASÍLIA,DF,9: SOCIEDADE DE ECONOMIA MISTA,2: null,,,"6422100: BANCOS MÚLTIPLOS, COM CARTEIRA COMERCIAL",,Sim
4,00.000.028/0001-29,,TARGET ENGENHARIA E CONSULTORIA LTDA.,Sim,,71072: São Paulo,SP,2: SOCIEDADE EMPRESÁRIA LIMITADA,2: null,,,6203100: DESENVOLVIMENTO E LICENCIAMENTO DE PROGRAMAS DE COMPUTADOR NÃO-CUSTOMIZÁVEIS,,Sim
5,00.000.155/0001-28,,COUPLING SERVICO DE MANUTENCAO LTDA,Não,,71072: São Paulo,SP,2: SOCIEDADE EMPRESÁRIA LIMITADA,2: null,,,3314701: MANUTENÇÃO E REPARAÇÃO DE MÁQUINAS MOTRIZES NÃO-ELÉTRICAS,,Sim
6,00.000.166/0001-08,,IRMAOS RODOPOULOS LTDA,Sim,,97012: BRASÍLIA,DF,2: SOCIEDADE EMPRESÁRIA LIMITADA,2: null,,,4120400: CONSTRUÇÃO DE EDIFÍCIOS,,Sim
8,00.000.208/0001-00,,BRB BANCO DE BRASILIA SA,Sim,,97012: BRASÍLIA,DF,9: SOCIEDADE DE ECONOMIA MISTA,2: null,,,"6422100: BANCOS MÚLTIPLOS, COM CARTEIRA COMERCIAL",,Sim
9,00.000.341/0001-67,,C.C ENGENHARIA CONSULTIVA E PROJETOS DE AR CONDICIONADO LTDA,Não,,71072: São Paulo,SP,2: SOCIEDADE EMPRESÁRIA LIMITADA,2: null,,,"4322302: INSTALAÇÃO E MANUTENÇÃO DE SISTEMAS CENTRAIS DE AR CONDICIONADO, DE VENTILAÇÃO E REFRIGERAÇÃO",,Sim
11,00.000.424/0001-56,,DEBRITO BRASIL COMUNICACAO LTDA,Sim,,71072: São Paulo,SP,2: SOCIEDADE EMPRESÁRIA LIMITADA,2: null,,,7311400: AGÊNCIAS DE PUBLICIDADE,,Sim
12,00.000.424/0003-18,,DEBRITO BRASIL COMUNICACAO LTDA,Sim,,97012: BRASÍLIA,DF,2: SOCIEDADE EMPRESÁRIA LIMITADA,2: null,,,7311400: AGÊNCIAS DE PUBLICIDADE,,Sim
14,,***.007.562-**,VANDERLEI BATALHA DOS SANTOS FILHO,Sim,,2550: Manaus,AM,,1: MICROEMPRESA,,,,,Sim
15,00.000.802/0017-69,,HC PNEUS S/A,Sim,,25313: Recife,PE,48: SOCIEDADE ANÔNIMA FECHADA,2: null,,,4530702: COMÉRCIO POR ATACADO DE PNEUMÁTICOS E CÂMARAS-DE-AR,,Sim
23,00.001.172/0001-80,,SA CORREIO BRAZILIENSE,Sim,,97012: BRASÍLIA,DF,48: SOCIEDADE ANÔNIMA FECHADA,2: null,,,5822101: EDIÇÃO INTEGRADA À IMPRESSÃO DE JORNAIS DIÁRIOS,,Sim
25,,***.012.001-**,JULIANO DERLLY EICHELT,Sim,,99252: Lucas do Rio Verde,MT,,1: MICROEMPRESA,,,,,Sim
29,00.001.388/0001-45,,DISTRIBUIDORA BRASILIA DE VEICULOS S/A,Não,,97012: BRASÍLIA,DF,48: SOCIEDADE ANÔNIMA FECHADA,2: null,,,4530703: COMÉRCIO A VAREJO DE PEÇAS E ACESSÓRIOS NOVOS PARA VEÍCULOS AUTOMOTORES,,Sim
30,00.001.388/0002-26,,DISTRIBUIDORA BRASILIA DE VEICULOS S/A,Não,,97012: BRASÍLIA,DF,48: SOCIEDADE ANÔNIMA FECHADA,2: null,,,4731800: COMÉRCIO VAREJISTA DE COMBUSTÍVEIS PARA VEÍCULOS AUTOMOTORES,,Sim
32,00.001.388/0005-79,,DISTRIBUIDORA BRASILIA DE VEICULOS S/A,Não,,97012: BRASÍLIA,DF,48: SOCIEDADE ANÔNIMA FECHADA,2: null,,,"4511101: COMÉRCIO A VAREJO DE AUTOMÓVEIS, CAMIONETAS E UTILITÁRIOS NOVOS",,Sim
33,00.001.453/0001-32,,CINE FOTO GB LTDA,Não,,97012: BRASÍLIA,DF,2: SOCIEDADE EMPRESÁRIA LIMITADA,2: null,,,4789008: COMÉRCIO VAREJISTA DE ARTIGOS FOTOGRÁFICOS E PARA FILMAGEM,,Sim
35,00.001.714/0001-14,,SATELITE MAQUINAS E MOVEIS PARA ESCRITORIO LTDA,Não,,70998: São José dos Campos,SP,2: SOCIEDADE EMPRESÁRIA LIMITADA,2: null,,,4789007: COMÉRCIO VAREJISTA DE EQUIPAMENTOS PARA ESCRITÓRIO,,Sim
38,00.001.891/0001-09,,CASA PLANETA DE BRASILIA MAQUINAS E FERRAGENS LTDA,Sim,,97012: BRASÍLIA,DF,2: SOCIEDADE EMPRESÁRIA LIMITADA,2: null,,,4744099: COMÉRCIO VAREJISTA DE MATERIAIS DE CONSTRUÇÃO EM GERAL,,Sim
41,00.002.329/0001-91,,FERRAGENS PINHEIRO LTDA,Sim,,97012: BRASÍLIA,DF,2: SOCIEDADE EMPRESÁRIA LIMITADA,2: null,,,4744001: COMÉRCIO VAREJISTA DE FERRAGENS E FERRAMENTAS,,Sim
44,00.002.776/0001-40,,DEUTSCHEBRAS COMERCIAL E ENGENHARIA LTDA,Sim,,71072: São Paulo,SP,2: SOCIEDADE EMPRESÁRIA LIMITADA,2: null,,,4759899: COMÉRCIO VAREJISTA DE OUTROS ARTIGOS DE USO PESSOAL E DOMÉSTICO NÃO ESPECIFICADOS ANTERIORMENTE,,Sim
49,00.003.228/0001-35,,MOTO AGRICOLA SLAVIERO SA,Sim,,97012: BRASÍLIA,DF,48: SOCIEDADE ANÔNIMA FECHADA,2: null,,,"4511101: COMÉRCIO A VAREJO DE AUTOMÓVEIS, CAMIONETAS E UTILITÁRIOS NOVOS",,Sim
50,00.003.228/0002-16,,MOTO AGRICOLA SLAVIERO SA,Sim,,97012: BRASÍLIA,DF,48: SOCIEDADE ANÔNIMA FECHADA,2: null,,,"4511101: COMÉRCIO A VAREJO DE AUTOMÓVEIS, CAMIONETAS E UTILITÁRIOS NOVOS",,Sim
52,,***.034.287-**,ANA BEATRIZ FERNANDES CERBINO,Sim,,58653: Niterói,RJ,,1: MICROEMPRESA,,,,,Sim
54,00.004.035/0001-07,,PROSAT COMUNICACOES LTDA,Não,,67890: Osasco,SP,2: SOCIEDADE EMPRESÁRIA LIMITADA,2: null,,,4752100: COMÉRCIO VAREJISTA ESPECIALIZADO DE EQUIPAMENTOS DE TELEFONIA E COMUNICAÇÃO,,Sim
55,00.004.309/0001-50,,DF VEICULOS LTDA,Sim,,97012: BRASÍLIA,DF,2: SOCIEDADE EMPRESÁRIA LIMITADA,2: null,,,"4511101: COMÉRCIO A VAREJO DE AUTOMÓVEIS, CAMIONETAS E UTILITÁRIOS NOVOS",,Sim
57,00.005.063/0001-30,,INSTRUVAL INSTRUMENTOS E SERVICOS LTDA,Sim,,70777: São Caetano do Sul,SP,2: SOCIEDADE EMPRESÁRIA LIMITADA,2: null,,,"2829199: FABRICAÇÃO DE OUTRAS MÁQUINAS E EQUIPAMENTOS DE USO GERAL NÃO ESPECIFICADOS ANTERIORMENTE, PEÇAS E ACESSÓRIOS",,Sim
59,00.005.103/0001-44,,TRANSVOLTEC ILUMINACAO LTDA,Sim,,71072: São Paulo,SP,2: SOCIEDADE EMPRESÁRIA LIMITADA,2: null,,,2610800: FABRICAÇÃO DE COMPONENTES ELETRÔNICOS,,Sim
63,00.005.644/0001-72,,RIGEL COMERCIO DE INFORMATICA LTDA,Sim,,71072: São Paulo,SP,2: SOCIEDADE EMPRESÁRIA LIMITADA,2: null,,,4651601: COMÉRCIO ATACADISTA DE EQUIPAMENTOS DE INFORMÁTICA,,Sim
65,00.005.880/0001-99,,BIOQUIMICA SUPRIMENTOS ANALITICOS LTDA,Não,,63614: Cotia,SP,2: SOCIEDADE EMPRESÁRIA LIMITADA,2: null,,,"4664800: COMÉRCIO ATACADISTA DE MÁQUINAS, APARELHOS E EQUIPAMENTOS PARA USO ODONTO-MÉDICO-HOSPITALAR; PARTES E PEÇAS",,Sim
66,00.005.949/0001-84,,EDITORA E DISTRIBUIDORA SUPLEGRAF LTDA,Sim,,71072: São Paulo,SP,2: SOCIEDADE EMPRESÁRIA LIMITADA,2: null,,,5811500: EDIÇÃO DE LIVROS,,Sim
70,00.006.878/0001-34,,ITAU UNIBANCO SERVICOS E PROCESSAMENTO DE INFORMACOES COMERCIAIS LTDA.,Não,,71072: São Paulo,SP,2: SOCIEDADE EMPRESÁRIA LIMITADA,2: null,,,8299799: OUTRAS ATIVIDADES DE SERVIÇOS PRESTADOS PRINCIPALMENTE ÀS EMPRESAS NÃO ESPECIFICADAS ANTERIORMENTE,,Sim
71,00.006.879/0001-89,,COMPACTA COMERCIO E SERVICOS LTDA,Sim,,71072: São Paulo,SP,2: SOCIEDADE EMPRESÁRIA LIMITADA,2: null,,,4751201: COMÉRCIO VAREJISTA ESPECIALIZADO DE EQUIPAMENTOS E SUPRIMENTOS DE INFORMÁTICA,,Sim
86,00.008.152/0001-30,,OPT MEDICAL LTDA,Sim,,61638: Araraquara,SP,2: SOCIEDADE EMPRESÁRIA LIMITADA,2: null,,,3312104: MANUTENÇÃO E REPARAÇÃO DE EQUIPAMENTOS E INSTRUMENTOS ÓPTICOS,,Sim
88,00.008.354/0001-82,,BIOSENSOR INDUSTRIA E COMERCIO LTDA,Sim,,61310: Americana,SP,2: SOCIEDADE EMPRESÁRIA LIMITADA,2: null,,,"3250701: FABRICAÇÃO DE INSTRUMENTOS NÃO-ELETRÔNICOS E UTENSÍLIOS PARA USO MÉDICO, CIRÚRGICO, ODONTOLÓGICO E DE LABORATÓRIO",,Sim
90,00.008.456/0001-06,,LOPES GAMA COMERCIO LOCACAO E SERVICOS LTDA,Não,,62910: Campinas,SP,2: SOCIEDADE EMPRESÁRIA LIMITADA,2: null,,,"7739099: ALUGUEL DE OUTRAS MÁQUINAS E EQUIPAMENTOS COMERCIAIS E INDUSTRIAIS NÃO ESPECIFICADOS ANTERIORMENTE, SEM OPERADOR",,Sim
92,00.008.673/0001-98,,JAGUAR EQUIPAMENTOS ELETRO INDUSTRIAL LTDA,Sim,,63770: Diadema,SP,2: SOCIEDADE EMPRESÁRIA LIMITADA,2: null,,,"3313999: MANUTENÇÃO E REPARAÇÃO DE MÁQUINAS, APARELHOS E MATERIAIS ELÉTRICOS NÃO ESPECIFICADOS ANTERIORMENTE",,Sim
93,00.009.000/0001-52,,CONSULENZA FOTOCOPIAS LTDA,Sim,,66192: Jundiai,SP,2: SOCIEDADE EMPRESÁRIA LIMITADA,2: null,,,8219901: FOTOCÓPIAS,,Sim
94,00.009.282/0001-98,,CONSERVO BRASILIA SERVICOS TECNICOS LTDA,Não,,97012: BRASÍLIA,DF,2: SOCIEDADE EMPRESÁRIA LIMITADA,2: null,,,8211300: SERVIÇOS COMBINADOS DE ESCRITÓRIO E APOIO ADMINISTRATIVO,,Sim
96,00.009.837/0001-00,,"M F - CONSTRUCOES, INCORPORADORA, COMERCIO E REPRESENTACOES LTD",Sim,,92274: Aparecida de Goiânia,GO,2: SOCIEDADE EMPRESÁRIA LIMITADA,2: null,,,4120400: CONSTRUÇÃO DE EDIFÍCIOS,,Sim
104,00.010.572/0001-51,,OLITELI PROJETOS E CONSTRUCOES LTDA,Não,,62219: Bebedouro,SP,2: SOCIEDADE EMPRESÁRIA LIMITADA,2: null,,,4120400: CONSTRUÇÃO DE EDIFÍCIOS,,Sim
105,00.011.009/0001-06,,"FIBRAFORTE ENGENHARIA, INDUSTRIA E COMERCIO LTDA",Sim,,70998: São José dos Campos,SP,2: SOCIEDADE EMPRESÁRIA LIMITADA,2: null,,,7112000: SERVIÇOS DE ENGENHARIA,,Sim
106,,***.110.663-**,MARCOS JOSE NUNES DE ARAUJO,Sim,,12653: Ocara,CE,,1: MICROEMPRESA,,,,,Sim
107,,***.110.793-**,SILVIA LEMOS MARTINS,Sim,,13897: Fortaleza,CE,,1: MICROEMPRESA,,,,,Sim
108,00.011.295/0001-00,,TECNOPONTA TREINAMENTOS LTDA,Sim,,70718: Santos,SP,2: SOCIEDADE EMPRESÁRIA LIMITADA,2: null,,,8599603: TREINAMENTO EM INFORMÁTICA,,Sim
109,00.011.295/0002-82,,TECNOPONTA TREINAMENTOS LTDA,Não,,71072: São Paulo,SP,2: SOCIEDADE EMPRESÁRIA LIMITADA,2: null,,,8599603: TREINAMENTO EM INFORMÁTICA,,Sim
112,00.012.377/0001-60,,CEREAL COMERCIO EXPORTACAO E REPRESENTACAO AGROPECUARIA SA,Sim,,95710: Rio Verde,GO,48: SOCIEDADE ANÔNIMA FECHADA,2: null,,,"1041400: FABRICAÇÃO DE ÓLEOS VEGETAIS EM BRUTO, EXCETO ÓLEO DE MILHO",,Sim
116,00.013.047/0001-90,,JJR SERVICOS DE APOIO ADMINISTRATIVO LTDA,Sim,,62910: Campinas,SP,2: SOCIEDADE EMPRESÁRIA LIMITADA,2: null,,,8211300: SERVIÇOS COMBINADOS DE ESCRITÓRIO E APOIO ADMINISTRATIVO,,Sim
117,,***.135.071-**,LIDIANE CRISTINA ZUANAZZI,Sim,,89850: Sinop,MT,,1: MICROEMPRESA,,,,,Sim
118,00.013.631/0001-45,,ROYAL PNEUS LTDA,Sim,,97012: BRASÍLIA,DF,2: SOCIEDADE EMPRESÁRIA LIMITADA,2: null,,,6810201: COMPRA E VENDA DE IMÓVEIS PRÓPRIOS,,Sim
119,00.013.698/0001-80,,TRIPS PASSAGENS E TURISMO LTDA,Não,,97012: BRASÍLIA,DF,2: SOCIEDADE EMPRESÁRIA LIMITADA,2: null,,,7911200: AGÊNCIAS DE VIAGENS,,Sim
120,00.013.805/0001-70,,INDUSPINA AUTO PECAS LTDA,Sim,,97012: BRASÍLIA,DF,2: SOCIEDADE EMPRESÁRIA LIMITADA,2: null,,,4530703: COMÉRCIO A VAREJO DE PEÇAS E ACESSÓRIOS NOVOS PARA VEÍCULOS AUTOMOTORES,,Sim
127,00.014.449/0001-09,,NAME ADMINISTRACAO DE IMOVEIS LTDA,Sim,,97012: BRASÍLIA,DF,2: SOCIEDADE EMPRESÁRIA LIMITADA,2: null,,,6810202: ALUGUEL DE IMÓVEIS PRÓPRIOS,,Sim
131,00.015.305/0001-77,,CASA SAO LUIZ FERRAGENS LTDA,Sim,,97012: BRASÍLIA,DF,2: SOCIEDADE EMPRESÁRIA LIMITADA,2: null,,,4789099: COMÉRCIO VAREJISTA DE OUTROS PRODUTOS NÃO ESPECIFICADOS ANTERIORMENTE,,Sim
134,00.015.892/0001-02,,UNISILK INDUSTRIA E COMERCIO DE BRINDES LTDA,Não,,70750: São Bernardo do Campo,SP,2: SOCIEDADE EMPRESÁRIA LIMITADA,2: null,,,"3299002: FABRICAÇÃO DE CANETAS, LÁPIS E OUTROS ARTIGOS PARA ESCRITÓRIO",,Sim
135,,***.159.687-**,JUSTA FERNANDA MOUTINHO MONTEIRO,Não,,58572: Miguel Pereira,RJ,,1: MICROEMPRESA,,,,,Sim
138,00.016.576/0001-47,,BASEVI CONSTRUCOES S/A,Sim,,97012: BRASÍLIA,DF,48: SOCIEDADE ANÔNIMA FECHADA,2: null,,,"4213800: OBRAS DE URBANIZAÇÃO - RUAS, PRAÇAS E CALÇADAS",,Sim
139,,***.166.590-**,RAUL LISBOA BERGALLO,Não,,88013: Porto Alegre,RS,,1: MICROEMPRESA,,,,,Sim
140,00.017.332/0001-89,,BLACK BOX DO BRASIL IND E COM LTDA,Sim,,62138: Barueri,SP,2: SOCIEDADE EMPRESÁRIA LIMITADA,2: null,,,4651601: COMÉRCIO ATACADISTA DE EQUIPAMENTOS DE INFORMÁTICA,,Sim
144,00.017.436/0001-93,,DISTRIBUIDORA MEDICO HOSPITALAR HOSPIMETAL LTDA,Sim,,61557: Araçatuba,SP,2: SOCIEDADE EMPRESÁRIA LIMITADA,2: null,,,"4645101: COMÉRCIO ATACADISTA DE INSTRUMENTOS E MATERIAIS PARA USO MÉDICO, CIRÚRGICO, HOSPITALAR E DE LABORATÓRIOS",,Sim
148,00.018.127/0001-38,,TOCANTINS TRANSPORTE E TURISMO LTDA,Sim,,97330: Palmas,TO,2: SOCIEDADE EMPRESÁRIA LIMITADA,2: null,,,"4922102: TRANSPORTE RODOVIÁRIO COLETIVO DE PASSAGEIROS, COM ITINERÁRIO FIXO, INTERESTADUAL",,Sim
150,00.018.675/0001-68,,VISUAL SINALIZACAO VIARIA E CONSTRUCOES LTDA,Sim,,64777: Guarulhos,SP,2: SOCIEDADE EMPRESÁRIA LIMITADA,2: null,,,7112000: SERVIÇOS DE ENGENHARIA,,Sim
152,00.018.938/0001-39,,ARGENTIA DISTRIBUIDORA DE MEDICAMENTOS LTDA.,Não,,71072: São Paulo,SP,2: SOCIEDADE EMPRESÁRIA LIMITADA,2: null,,,4644301: COMÉRCIO ATACADISTA DE MEDICAMENTOS E DROGAS DE USO HUMANO,,Sim
153,,***.189.858-**,MOACIR DE SANTI,Sim,,71072: São Paulo,SP,,1: MICROEMPRESA,,,,,Sim
154,,***.189.933-**,SAMUEL DE SOUSA SILVA,Sim,,12777: Tejuçuoca,CE,,1: MICROEMPRESA,,,,,Sim
158,00.019.628/0001-39,,ARTEPASTA IND COM LTDA,Sim,,71072: São Paulo,SP,2: SOCIEDADE EMPRESÁRIA LIMITADA,2: null,,,"1749400: FABRICAÇÃO DE PRODUTOS DE PASTAS CELULÓSICAS, PAPEL, CARTOLINA, PAPEL-CARTÃO E PAPELÃO ONDULADO NÃO ESPECIFICADOS ANTERIORMENTE",,Sim
160,00.020.298/0001-00,,PLANO DIGITAL COMUNICACAO LTDA,Não,,71072: São Paulo,SP,2: SOCIEDADE EMPRESÁRIA LIMITADA,2: null,,,6202300: DESENVOLVIMENTO E LICENCIAMENTO DE PROGRAMAS DE COMPUTADOR CUSTOMIZÁVEIS,,Sim
164,00.020.621/0001-37,,"PLANETA AZUL INDUSTRIA, COMERCIO, IMPORTACAO E EXPORTACAO DE ESPECIALIDADES QUIM",Sim,,71072: São Paulo,SP,2: SOCIEDADE EMPRESÁRIA LIMITADA,2: null,,,2061400: FABRICAÇÃO DE SABÕES E DETERGENTES SINTÉTICOS,,Sim
165,00.020.777/0001-18,,CESVI-BRASIL CENTRO DE EXPERIMENTACAO E SEGURANCA VIARIA LTDA,Sim,,71072: São Paulo,SP,2: SOCIEDADE EMPRESÁRIA LIMITADA,2: null,,,8299799: OUTRAS ATIVIDADES DE SERVIÇOS PRESTADOS PRINCIPALMENTE ÀS EMPRESAS NÃO ESPECIFICADAS ANTERIORMENTE,,Sim
169,00.021.138/0001-77,,MULTITEC COMERCIO DE MOVEIS LTDA,Sim,,71072: São Paulo,SP,2: SOCIEDADE EMPRESÁRIA LIMITADA,2: null,,,4754701: COMÉRCIO VAREJISTA DE MÓVEIS,,Sim
171,00.021.279/0001-90,,PIONEIRA DA BORRACHA LTDA,Sim,,97012: BRASÍLIA,DF,2: SOCIEDADE EMPRESÁRIA LIMITADA,2: null,,,"4713002: LOJAS DE VARIEDADES, EXCETO LOJAS DE DEPARTAMENTOS OU MAGAZINES",,Sim
172,,***.216.116-**,ANDREI ALKMIM TEIXEIRA,Sim,,50490: Pouso Alegre,MG,,1: MICROEMPRESA,,,,,Sim
175,00.022.090/0001-11,,SLG COMERCIO DE SISTEMAS DE AUTOMACAO LTDA,Sim,,71072: São Paulo,SP,2: SOCIEDADE EMPRESÁRIA LIMITADA,2: null,,,"4322302: INSTALAÇÃO E MANUTENÇÃO DE SISTEMAS CENTRAIS DE AR CONDICIONADO, DE VENTILAÇÃO E REFRIGERAÇÃO",,Sim
176,00.022.244/0001-75,,COPOCENTRO INDUSTRIA DE PLASTICOS LTDA FALIDO,Sim,,92215: Anápolis,GO,2: SOCIEDADE EMPRESÁRIA LIMITADA,2: null,,,2229301: FABRICAÇÃO DE ARTEFATOS DE MATERIAL PLÁSTICO PARA USO PESSOAL E DOMÉSTICO,,Sim
178,00.022.488/0001-58,,REAL TOOLS COMERCIAL LTDA,Sim,,71072: São Paulo,SP,2: SOCIEDADE EMPRESÁRIA LIMITADA,2: null,,,4744001: COMÉRCIO VAREJISTA DE FERRAGENS E FERRAMENTAS,,Sim
181,00.023.280/0001-53,,CAPITOLIO COM REPR IMPORTACAO E EXPORTACAO LTDA,Sim,,71072: São Paulo,SP,2: SOCIEDADE EMPRESÁRIA LIMITADA,2: null,,,4652400: COMÉRCIO ATACADISTA DE COMPONENTES ELETRÔNICOS E EQUIPAMENTOS DE TELEFONIA E COMUNICAÇÃO,,Sim
183,00.023.577/0001-19,,TECNOLIGHT COMERCIO DE PRODUTOS ELETROELETRONICA LTDA,Não,,70750: São Bernardo do Campo,SP,2: SOCIEDADE EMPRESÁRIA LIMITADA,2: null,,,4742300: COMÉRCIO VAREJISTA DE MATERIAL ELÉTRICO,,Sim
192,00.024.651/0001-11,,THAMA'S TRANSPORTES LTDA,Não,,63118: Caraguatatuba,SP,2: SOCIEDADE EMPRESÁRIA LIMITADA,2: null,,,"4930202: TRANSPORTE RODOVIÁRIO DE CARGA, EXCETO PRODUTOS PERIGOSOS E MUDANÇAS, INTERMUNICIPAL, INTERESTADUAL E INTERNACIONAL",,Sim
197,00.025.222/0001-69,,GEIGER MENDES COMERCIAL LTDA,Sim,,63770: Diadema,SP,2: SOCIEDADE EMPRESÁRIA LIMITADA,2: null,,,4663000: COMÉRCIO ATACADISTA DE MÁQUINAS E EQUIPAMENTOS PARA USO INDUSTRIAL; PARTES E PEÇAS,,Sim
202,00.025.841/0001-53,,HOSPITAL SANTA LUCIA S/A,Sim,,97012: BRASÍLIA,DF,48: SOCIEDADE ANÔNIMA FECHADA,2: null,,,8610102: ATIVIDADES DE ATENDIMENTO EM PRONTO-SOCORRO E UNIDADES HOSPITALARES PARA ATENDIMENTO A URGÊNCIAS,,Sim
204,00.026.248/0001-21,,DENIMEX SUPRIMENTOS PARA IMPRESSAO E AUTOMACAO LTDA,Sim,,71579: Taboão da Serra,SP,2: SOCIEDADE EMPRESÁRIA LIMITADA,2: null,,,4647801: COMÉRCIO ATACADISTA DE ARTIGOS DE ESCRITÓRIO E DE PAPELARIA,,Sim
205,00.026.315/0001-08,,"MAZZA, FREGOLENTE & CIA - ELETRICIDADE E CONSTRUCOES LTDA",Sim,,71072: São Paulo,SP,2: SOCIEDADE EMPRESÁRIA LIMITADA,2: null,,,4120400: CONSTRUÇÃO DE EDIFÍCIOS,,Sim
206,,***.263.171-**,PAULO RICARDO PRIORI,Sim,,94331: Jataí,GO,,1: MICROEMPRESA,,,,,Sim
209,00.026.572/0001-40,,RECPAZ TRANSPORTES E TURISMO LTDA,Sim,,62910: Campinas,SP,2: SOCIEDADE EMPRESÁRIA LIMITADA,2: null,,,"4929902: TRANSPORTE RODOVIÁRIO COLETIVO DE PASSAGEIROS, SOB REGIME DE FRETAMENTO, INTERMUNICIPAL, INTERESTADUAL E INTERNACIONAL",,Sim
210,00.026.893/0001-44,,MONTEX COMERCIAL EXPORTADORA E IMPORTADORA LTDA,Não,,70998: São José dos Campos,SP,2: SOCIEDADE EMPRESÁRIA LIMITADA,2: null,,,4619200: REPRESENTANTES COMERCIAIS E AGENTES DO COMÉRCIO DE MERCADORIAS EM GERAL NÃO ESPECIALIZADO,,Sim
213,,***.272.510-**,IDALINO CARLIN,Não,,88013: Porto Alegre,RS,,1: MICROEMPRESA,,,,,Sim
216,00.027.571/0001-10,,ASSIST CARD DO BRASIL LTDA,Sim,,71072: São Paulo,SP,2: SOCIEDADE EMPRESÁRIA LIMITADA,2: null,,,7911200: AGÊNCIAS DE VIAGENS,,Sim
217,00.027.656/0001-06,,CCM CENTRO COMERCIAL DE MOVEIS LTDA,Não,,93734: Goiânia,GO,2: SOCIEDADE EMPRESÁRIA LIMITADA,2: null,,,"4693100: COMÉRCIO ATACADISTA DE MERCADORIAS EM GERAL, SEM PREDOMINÂNCIA DE ALIMENTOS OU DE INSUMOS AGROPECUÁRIOS",,Sim
218,00.027.681/0001-81,,RICHARDSON ELECTRONICS DO BRASIL LTDA,Sim,,71072: São Paulo,SP,2: SOCIEDADE EMPRESÁRIA LIMITADA,2: null,,,4652400: COMÉRCIO ATACADISTA DE COMPONENTES ELETRÔNICOS E EQUIPAMENTOS DE TELEFONIA E COMUNICAÇÃO,,Sim
223,00.027.896/0001-00,,ASSOCIACAO DE CULTURA FRANCO BRASILEIRA DE BRASILIA,Sim,,97012: BRASÍLIA,DF,23: ASSOCIAÇÃO PRIVADA,2: null,,,8593700: ENSINO DE IDIOMAS,,Sim
224,00.027.917/0001-80,,ENDEAVOUR SOFTWARE SOLUTIONS LTDA,Sim,,61310: Americana,SP,2: SOCIEDADE EMPRESÁRIA LIMITADA,2: null,,,6201501: DESENVOLVIMENTO DE PROGRAMAS DE COMPUTADOR SOB ENCOMENDA,,Sim
226,00.028.682/0001-40,,PROMEDON DO BRASIL PRODUTOS MEDICO HOSPITALARES LTDA,Sim,,71072: São Paulo,SP,2: SOCIEDADE EMPRESÁRIA LIMITADA,2: null,,,"4645101: COMÉRCIO ATACADISTA DE INSTRUMENTOS E MATERIAIS PARA USO MÉDICO, CIRÚRGICO, HOSPITALAR E DE LABORATÓRIOS",,Sim
228,00.028.876/0001-46,,VIDEOJET DO BRASIL COMERCIO DE EQUIPAMENTOS PARA CODIFICACAO INDUSTRIAL LTDA,Sim,,71072: São Paulo,SP,2: SOCIEDADE EMPRESÁRIA LIMITADA,2: null,,,4663000: COMÉRCIO ATACADISTA DE MÁQUINAS E EQUIPAMENTOS PARA USO INDUSTRIAL; PARTES E PEÇAS,,Sim
229,00.028.986/0001-08,,ELEVADORES ATLAS SCHINDLER LTDA.,Sim,,71072: São Paulo,SP,2: SOCIEDADE EMPRESÁRIA LIMITADA,2: null,,,"4329103: INSTALAÇÃO, MANUTENÇÃO E REPARAÇÃO DE ELEVADORES, ESCADAS E ESTEIRAS ROLANTES",,Sim
230,00.028.986/0003-70,,ELEVADORES ATLAS SCHINDLER LTDA.,Sim,,2550: Manaus,AM,2: SOCIEDADE EMPRESÁRIA LIMITADA,2: null,,,"4712100: COMÉRCIO VAREJISTA DE MERCADORIAS EM GERAL, COM PREDOMINÂNCIA DE PRODUTOS ALIMENTÍCIOS - MINIMERCADOS, MERCEARIAS E ARMAZÉNS",,Sim
231,00.028.986/0004-50,,ELEVADORES ATLAS SCHINDLER LTDA.,Sim,,38490: Salvador,BA,2: SOCIEDADE EMPRESÁRIA LIMITADA,2: null,,,"3314708: MANUTENÇÃO E REPARAÇÃO DE MÁQUINAS, EQUIPAMENTOS E APARELHOS PARA TRANSPORTE E ELEVAÇÃO DE CARGAS",,Sim
232,00.028.986/0005-31,,ELEVADORES ATLAS SCHINDLER LTDA.,Sim,,13897: Fortaleza,CE,2: SOCIEDADE EMPRESÁRIA LIMITADA,2: null,,,"4329103: INSTALAÇÃO, MANUTENÇÃO E REPARAÇÃO DE ELEVADORES, ESCADAS E ESTEIRAS ROLANTES",,Sim
233,00.028.986/0006-12,,ELEVADORES ATLAS SCHINDLER LTDA.,Sim,,97012: BRASÍLIA,DF,2: SOCIEDADE EMPRESÁRIA LIMITADA,2: null,,,"4329103: INSTALAÇÃO, MANUTENÇÃO E REPARAÇÃO DE ELEVADORES, ESCADAS E ESTEIRAS ROLANTES",,Sim
234,00.028.986/0007-01,,ELEVADORES ATLAS SCHINDLER LTDA.,Sim,,57053: Vitória,ES,2: SOCIEDADE EMPRESÁRIA LIMITADA,2: null,,,"4329103: INSTALAÇÃO, MANUTENÇÃO E REPARAÇÃO DE ELEVADORES, ESCADAS E ESTEIRAS ROLANTES",,Sim
235,00.028.986/0009-65,,ELEVADORES ATLAS SCHINDLER LTDA.,Sim,,93734: Goiânia,GO,2: SOCIEDADE EMPRESÁRIA LIMITADA,2: null,,,"4329103: INSTALAÇÃO, MANUTENÇÃO E REPARAÇÃO DE ELEVADORES, ESCADAS E ESTEIRAS ROLANTES",,Sim
236,00.028.986/0010-07,,ELEVADORES ATLAS SCHINDLER LTDA.,Sim,,41238: Belo Horizonte,MG,2: SOCIEDADE EMPRESÁRIA LIMITADA,2: null,,,"4329103: INSTALAÇÃO, MANUTENÇÃO E REPARAÇÃO DE ELEVADORES, ESCADAS E ESTEIRAS ROLANTES",,Sim
237,00.028.986/0011-80,,ELEVADORES ATLAS SCHINDLER LTDA.,Sim,,47333: Juiz de Fora,MG,2: SOCIEDADE EMPRESÁRIA LIMITADA,2: null,,,"4329103: INSTALAÇÃO, MANUTENÇÃO E REPARAÇÃO DE ELEVADORES, ESCADAS E ESTEIRAS ROLANTES",,Sim
238,00.028.986/0012-60,,ELEVADORES ATLAS SCHINDLER LTDA.,Sim,,54038: Uberlândia,MG,2: SOCIEDADE EMPRESÁRIA LIMITADA,2: null,,,"4329103: INSTALAÇÃO, MANUTENÇÃO E REPARAÇÃO DE ELEVADORES, ESCADAS E ESTEIRAS ROLANTES",,Sim
239,00.028.986/0013-41,,ELEVADORES ATLAS SCHINDLER LTDA.,Sim,,90514: Campo Grande,MS,2: SOCIEDADE EMPRESÁRIA LIMITADA,2: null,,,"4329103: INSTALAÇÃO, MANUTENÇÃO E REPARAÇÃO DE ELEVADORES, ESCADAS E ESTEIRAS ROLANTES",,Sim
240,00.028.986/0014-22,,ELEVADORES ATLAS SCHINDLER LTDA.,Sim,,90670: Cuiabá,MT,2: SOCIEDADE EMPRESÁRIA LIMITADA,2: null,,,4669999: COMÉRCIO ATACADISTA DE OUTRAS MÁQUINAS E EQUIPAMENTOS NÃO ESPECIFICADOS ANTERIORMENTE; PARTES E PEÇAS,,Sim
241,00.028.986/0015-03,,ELEVADORES ATLAS SCHINDLER LTDA.,Sim,,4278: Belém,PA,2: SOCIEDADE EMPRESÁRIA LIMITADA,2: null,,,"2822401: FABRICAÇÃO DE MÁQUINAS, EQUIPAMENTOS E APARELHOS PARA TRANSPORTE E ELEVAÇÃO DE PESSOAS, PEÇAS E ACESSÓRIOS",,Sim
242,00.028.986/0016-94,,ELEVADORES ATLAS SCHINDLER LTDA.,Sim,,25313: Recife,PE,2: SOCIEDADE EMPRESÁRIA LIMITADA,2: null,,,"2822401: FABRICAÇÃO DE MÁQUINAS, EQUIPAMENTOS E APARELHOS PARA TRANSPORTE E ELEVAÇÃO DE PESSOAS, PEÇAS E ACESSÓRIOS",,Sim
243,00.028.986/0017-75,,ELEVADORES ATLAS SCHINDLER LTDA.,Sim,,75353: Curitiba,PR,2: SOCIEDADE EMPRESÁRIA LIMITADA,2: null,,,"2822401: FABRICAÇÃO DE MÁQUINAS, EQUIPAMENTOS E APARELHOS PARA TRANSPORTE E ELEVAÇÃO DE PESSOAS, PEÇAS E ACESSÓRIOS",,Sim
244,00.028.986/0018-56,,ELEVADORES ATLAS SCHINDLER LTDA.,Sim,,76678: Londrina,PR,2: SOCIEDADE EMPRESÁRIA LIMITADA,2: null,,,"4329103: INSTALAÇÃO, MANUTENÇÃO E REPARAÇÃO DE ELEVADORES, ESCADAS E ESTEIRAS ROLANTES",,Sim
245,00.028.986/0019-37,,ELEVADORES ATLAS SCHINDLER LTDA.,Sim,,76910: Maringá,PR,2: SOCIEDADE EMPRESÁRIA LIMITADA,2: null,,,"4329103: INSTALAÇÃO, MANUTENÇÃO E REPARAÇÃO DE ELEVADORES, ESCADAS E ESTEIRAS ROLANTES",,Sim
246,00.028.986/0020-70,,ELEVADORES ATLAS SCHINDLER LTDA.,Sim,,60011: Rio de Janeiro,RJ,2: SOCIEDADE EMPRESÁRIA LIMITADA,2: null,,,"2822401: FABRICAÇÃO DE MÁQUINAS, EQUIPAMENTOS E APARELHOS PARA TRANSPORTE E ELEVAÇÃO DE PESSOAS, PEÇAS E ACESSÓRIOS",,Sim
247,00.028.986/0025-85,,ELEVADORES ATLAS SCHINDLER LTDA.,Sim,,58653: Niterói,RJ,2: SOCIEDADE EMPRESÁRIA LIMITADA,2: null,,,"4329103: INSTALAÇÃO, MANUTENÇÃO E REPARAÇÃO DE ELEVADORES, ESCADAS E ESTEIRAS ROLANTES",,Sim
248,00.028.986/0026-66,,ELEVADORES ATLAS SCHINDLER LTDA.,Sim,,58777: Petrópolis,RJ,2: SOCIEDADE EMPRESÁRIA LIMITADA,2: null,,,"4329103: INSTALAÇÃO, MANUTENÇÃO E REPARAÇÃO DE ELEVADORES, ESCADAS E ESTEIRAS ROLANTES",,Sim
249,00.028.986/0027-47,,ELEVADORES ATLAS SCHINDLER LTDA.,Sim,,59250: Volta Redonda,RJ,2: SOCIEDADE EMPRESÁRIA LIMITADA,2: null,,,"4329103: INSTALAÇÃO, MANUTENÇÃO E REPARAÇÃO DE ELEVADORES, ESCADAS E ESTEIRAS ROLANTES",,Sim
250,00.028.986/0030-42,,ELEVADORES ATLAS SCHINDLER LTDA.,Sim,,88013: Porto Alegre,RS,2: SOCIEDADE EMPRESÁRIA LIMITADA,2: null,,,"4329103: INSTALAÇÃO, MANUTENÇÃO E REPARAÇÃO DE ELEVADORES, ESCADAS E ESTEIRAS ROLANTES",,Sim
251,00.028.986/0032-04,,ELEVADORES ATLAS SCHINDLER LTDA.,Sim,,87912: Pelotas,RS,2: SOCIEDADE EMPRESÁRIA LIMITADA,2: null,,,"4329103: INSTALAÇÃO, MANUTENÇÃO E REPARAÇÃO DE ELEVADORES, ESCADAS E ESTEIRAS ROLANTES",,Sim
252,00.028.986/0033-95,,ELEVADORES ATLAS SCHINDLER LTDA.,Sim,,80390: Balneário Camboriú,SC,2: SOCIEDADE EMPRESÁRIA LIMITADA,2: null,,,"4329103: INSTALAÇÃO, MANUTENÇÃO E REPARAÇÃO DE ELEVADORES, ESCADAS E ESTEIRAS ROLANTES",,Sim
253,00.028.986/0034-76,,ELEVADORES ATLAS SCHINDLER LTDA.,Sim,,81051: Florianópolis,SC,2: SOCIEDADE EMPRESÁRIA LIMITADA,2: null,,,"4329103: INSTALAÇÃO, MANUTENÇÃO E REPARAÇÃO DE ELEVADORES, ESCADAS E ESTEIRAS ROLANTES",,Sim
254,00.028.986/0035-57,,ELEVADORES ATLAS SCHINDLER LTDA.,Sim,,31054: Aracaju,SE,2: SOCIEDADE EMPRESÁRIA LIMITADA,2: null,,,"4329103: INSTALAÇÃO, MANUTENÇÃO E REPARAÇÃO DE ELEVADORES, ESCADAS E ESTEIRAS ROLANTES",,Sim
255,00.028.986/0036-38,,ELEVADORES ATLAS SCHINDLER LTDA.,Sim,,70718: Santos,SP,2: SOCIEDADE EMPRESÁRIA LIMITADA,2: null,,,"4329103: INSTALAÇÃO, MANUTENÇÃO E REPARAÇÃO DE ELEVADORES, ESCADAS E ESTEIRAS ROLANTES",,Sim
256,00.028.986/0040-14,,ELEVADORES ATLAS SCHINDLER LTDA.,Sim,,64750: Guarujá,SP,2: SOCIEDADE EMPRESÁRIA LIMITADA,2: null,,,"4329103: INSTALAÇÃO, MANUTENÇÃO E REPARAÇÃO DE ELEVADORES, ESCADAS E ESTEIRAS ROLANTES",,Sim
257,00.028.986/0053-39,,ELEVADORES ATLAS SCHINDLER LTDA.,Sim,,62197: Bauru,SP,2: SOCIEDADE EMPRESÁRIA LIMITADA,2: null,,,"4329103: INSTALAÇÃO, MANUTENÇÃO E REPARAÇÃO DE ELEVADORES, ESCADAS E ESTEIRAS ROLANTES",,Sim
258,00.028.986/0054-10,,ELEVADORES ATLAS SCHINDLER LTDA.,Sim,,62910: Campinas,SP,2: SOCIEDADE EMPRESÁRIA LIMITADA,2: null,,,"4329103: INSTALAÇÃO, MANUTENÇÃO E REPARAÇÃO DE ELEVADORES, ESCADAS E ESTEIRAS ROLANTES",,Sim
259,00.028.986/0056-81,,ELEVADORES ATLAS SCHINDLER LTDA.,Sim,,66192: Jundiai,SP,2: SOCIEDADE EMPRESÁRIA LIMITADA,2: null,,,"4329103: INSTALAÇÃO, MANUTENÇÃO E REPARAÇÃO DE ELEVADORES, ESCADAS E ESTEIRAS ROLANTES",,Sim
260,00.028.986/0057-62,,ELEVADORES ATLAS SCHINDLER LTDA.,Sim,,68756: Piracicaba,SP,2: SOCIEDADE EMPRESÁRIA LIMITADA,2: null,,,"4329103: INSTALAÇÃO, MANUTENÇÃO E REPARAÇÃO DE ELEVADORES, ESCADAS E ESTEIRAS ROLANTES",,Sim
261,00.028.986/0058-43,,ELEVADORES ATLAS SCHINDLER LTDA.,Sim,,69698: Ribeirão Preto,SP,2: SOCIEDADE EMPRESÁRIA LIMITADA,2: null,,,"4329103: INSTALAÇÃO, MANUTENÇÃO E REPARAÇÃO DE ELEVADORES, ESCADAS E ESTEIRAS ROLANTES",,Sim
262,00.028.986/0059-24,,ELEVADORES ATLAS SCHINDLER LTDA.,Sim,,70998: São José dos Campos,SP,2: SOCIEDADE EMPRESÁRIA LIMITADA,2: null,,,"4329103: INSTALAÇÃO, MANUTENÇÃO E REPARAÇÃO DE ELEVADORES, ESCADAS E ESTEIRAS ROLANTES",,Sim
263,00.028.986/0060-68,,ELEVADORES ATLAS SCHINDLER LTDA.,Sim,,70971: São José do Rio Preto,SP,2: SOCIEDADE EMPRESÁRIA LIMITADA,2: null,,,"4329103: INSTALAÇÃO, MANUTENÇÃO E REPARAÇÃO DE ELEVADORES, ESCADAS E ESTEIRAS ROLANTES",,Sim
264,00.028.986/0061-49,,ELEVADORES ATLAS SCHINDLER LTDA.,Sim,,71455: Sorocaba,SP,2: SOCIEDADE EMPRESÁRIA LIMITADA,2: null,,,"4329103: INSTALAÇÃO, MANUTENÇÃO E REPARAÇÃO DE ELEVADORES, ESCADAS E ESTEIRAS ROLANTES",,Sim
265,00.028.986/0066-53,,ELEVADORES ATLAS SCHINDLER LTDA.,Sim,,80470: Blumenau,SC,2: SOCIEDADE EMPRESÁRIA LIMITADA,2: null,,,"4329103: INSTALAÇÃO, MANUTENÇÃO E REPARAÇÃO DE ELEVADORES, ESCADAS E ESTEIRAS ROLANTES",,Sim
266,00.028.986/0071-10,,ELEVADORES ATLAS SCHINDLER LTDA.,Sim,,85995: Caxias do Sul,RS,2: SOCIEDADE EMPRESÁRIA LIMITADA,2: null,,,"4329103: INSTALAÇÃO, MANUTENÇÃO E REPARAÇÃO DE ELEVADORES, ESCADAS E ESTEIRAS ROLANTES",,Sim
267,00.028.986/0074-63,,ELEVADORES ATLAS SCHINDLER LTDA.,Sim,,86371: Erechim,RS,2: SOCIEDADE EMPRESÁRIA LIMITADA,2: null,,,"4329103: INSTALAÇÃO, MANUTENÇÃO E REPARAÇÃO DE ELEVADORES, ESCADAS E ESTEIRAS ROLANTES",,Sim
268,00.028.986/0146-72,,ELEVADORES ATLAS SCHINDLER LTDA.,Sim,,71072: São Paulo,SP,2: SOCIEDADE EMPRESÁRIA LIMITADA,2: null,,,"2822401: FABRICAÇÃO DE MÁQUINAS, EQUIPAMENTOS E APARELHOS PARA TRANSPORTE E ELEVAÇÃO DE PESSOAS, PEÇAS E ACESSÓRIOS",,Sim
269,00.028.986/0147-53,,ELEVADORES ATLAS SCHINDLER LTDA.,Sim,,76678: Londrina,PR,2: SOCIEDADE EMPRESÁRIA LIMITADA,2: null,,,"2822401: FABRICAÇÃO DE MÁQUINAS, EQUIPAMENTOS E APARELHOS PARA TRANSPORTE E ELEVAÇÃO DE PESSOAS, PEÇAS E ACESSÓRIOS",,Sim
270,00.028.986/0172-64,,ELEVADORES ATLAS SCHINDLER LTDA.,Sim,,27855: Maceió,AL,2: SOCIEDADE EMPRESÁRIA LIMITADA,2: null,,,"2822401: FABRICAÇÃO DE MÁQUINAS, EQUIPAMENTOS E APARELHOS PARA TRANSPORTE E ELEVAÇÃO DE PESSOAS, PEÇAS E ACESSÓRIOS",,Sim
271,00.028.986/0176-98,,ELEVADORES ATLAS SCHINDLER LTDA.,Sim,,77771: Ponta Grossa,PR,2: SOCIEDADE EMPRESÁRIA LIMITADA,2: null,,,"4329103: INSTALAÇÃO, MANUTENÇÃO E REPARAÇÃO DE ELEVADORES, ESCADAS E ESTEIRAS ROLANTES",,Sim
272,00.029.052/0001-90,,RAIMECK INDUSTRIA E COMERCIO LTDA,Sim,,71072: São Paulo,SP,2: SOCIEDADE EMPRESÁRIA LIMITADA,2: null,,,"2869100: FABRICAÇÃO DE MÁQUINAS E EQUIPAMENTOS PARA USO INDUSTRIAL ESPECÍFICO NÃO ESPECIFICADOS ANTERIORMENTE, PEÇAS E ACESSÓRIOS",,Sim
273,00.029.160/0001-63,,AGRO COMERCIAL DA VARGEM LTDA,Sim,,62812: Caieiras,SP,2: SOCIEDADE EMPRESÁRIA LIMITADA,2: null,,,"4691500: COMÉRCIO ATACADISTA DE MERCADORIAS EM GERAL, COM PREDOMINÂNCIA DE PRODUTOS ALIMENTÍCIOS",,Sim
275,00.029.372/0001-40,,GE HEALTHCARE DO BRASIL COMERCIO E SERVICOS PARA EQUIPAMENTOS MEDICO-HOSPITALARE,Sim,,71072: São Paulo,SP,2: SOCIEDADE EMPRESÁRIA LIMITADA,2: null,,,"4664800: COMÉRCIO ATACADISTA DE MÁQUINAS, APARELHOS E EQUIPAMENTOS PARA USO ODONTO-MÉDICO-HOSPITALAR; PARTES E PEÇAS",,Sim
276,00.029.372/0002-21,,GE HEALTHCARE DO BRASIL COMERCIO E SERVICOS PARA EQUIPAMENTOS MEDICO-HOSPITALARE,Sim,,43710: Contagem,MG,2: SOCIEDADE EMPRESÁRIA LIMITADA,2: null,,,2660400: FABRICAÇÃO DE APARELHOS ELETROMÉDICOS E ELETROTERAPÊUTICOS E EQUIPAMENTOS DE IRRADIAÇÃO,,Sim
277,00.029.372/0003-02,,GE HEALTHCARE DO BRASIL COMERCIO E SERVICOS PARA EQUIPAMENTOS MEDICO-HOSPITALARE,Sim,,62138: Barueri,SP,2: SOCIEDADE EMPRESÁRIA LIMITADA,2: null,,,"4664800: COMÉRCIO ATACADISTA DE MÁQUINAS, APARELHOS E EQUIPAMENTOS PARA USO ODONTO-MÉDICO-HOSPITALAR; PARTES E PEÇAS",,Sim
278,00.029.372/0004-93,,GE HEALTHCARE DO BRASIL COMERCIO E SERVICOS PARA EQUIPAMENTOS MEDICO-HOSPITALARE,Não,,25313: Recife,PE,2: SOCIEDADE EMPRESÁRIA LIMITADA,2: null,,,"4664800: COMÉRCIO ATACADISTA DE MÁQUINAS, APARELHOS E EQUIPAMENTOS PARA USO ODONTO-MÉDICO-HOSPITALAR; PARTES E PEÇAS",,Sim
279,00.029.412/0001-54,,A.C.I. NETWORK GUEDES LTDA,Sim,,65897: Jacareí,SP,2: SOCIEDADE EMPRESÁRIA LIMITADA,2: null,,,4751201: COMÉRCIO VAREJISTA ESPECIALIZADO DE EQUIPAMENTOS E SUPRIMENTOS DE INFORMÁTICA,,Sim
280,00.029.466/0001-10,,SKYNET COMERCIO E REPRESENTACOES DE INFORMATICA LTDA,Sim,,71072: São Paulo,SP,2: SOCIEDADE EMPRESÁRIA LIMITADA,2: null,,,6204000: CONSULTORIA EM TECNOLOGIA DA INFORMAÇÃO,,Sim
282,,***.297.828-**,SEBASTIAO LUIS GARCIA JUNIOR,Sim,,70890: São Joaquim da Barra,SP,,1: MICROEMPRESA,,,,,Sim
283,00.029.828/0001-72,,MIDIA COMERCIO E EVENTOS ARTISTICOS LTDA,Sim,,64696: Guaratinguetá,SP,2: SOCIEDADE EMPRESÁRIA LIMITADA,2: null,,,8592903: ENSINO DE MÚSICA,,Sim
284,00.029.837/0001-63,,YBEL EQUIPAMENTOS LTDA,Não,,71072: São Paulo,SP,2: SOCIEDADE EMPRESÁRIA LIMITADA,2: null,,,4663000: COMÉRCIO ATACADISTA DE MÁQUINAS E EQUIPAMENTOS PARA USO INDUSTRIAL; PARTES E PEÇAS,,Sim
287,00.030.166/0001-50,,M.M.V.B. DECORACOES E COMERCIO DE TECIDOS LTDA,Sim,,71072: São Paulo,SP,2: SOCIEDADE EMPRESÁRIA LIMITADA,2: null,,,"4759801: COMÉRCIO VAREJISTA DE ARTIGOS DE TAPEÇARIA, CORTINAS E PERSIANAS",,Sim
288,00.030.559/0001-64,,ENTERNET-INFORMATICA LTDA,Não,,70750: São Bernardo do Campo,SP,2: SOCIEDADE EMPRESÁRIA LIMITADA,2: null,,,4651601: COMÉRCIO ATACADISTA DE EQUIPAMENTOS DE INFORMÁTICA,,Sim
290,,***.306.080-**,PAULA MARTELLO NAZAR,Sim,,85596: Cachoeira do Sul,RS,,1: MICROEMPRESA,,,,,Sim
293,00.031.195/0001-37,,ELETRICA ARAUJO COMERCIAL LTDA,Sim,,97012: BRASÍLIA,DF,2: SOCIEDADE EMPRESÁRIA LIMITADA,2: null,,,4742300: COMÉRCIO VAREJISTA DE MATERIAL ELÉTRICO,,Sim
294,00.031.377/0001-08,,LABORATORIO DE ANALISES DA CLINICA SANTA MARIA LTDA,Sim,,93971: Ipameri,GO,2: SOCIEDADE EMPRESÁRIA LIMITADA,2: null,,,8640202: LABORATÓRIOS CLÍNICOS,,Sim
296,00.032.227/0001-19,,SANTA HELENA URBANIZACAO E OBRAS SA,Não,,97012: BRASÍLIA,DF,48: SOCIEDADE ANÔNIMA FECHADA,2: null,,,7820500: LOCAÇÃO DE MÃO-DE-OBRA TEMPORÁRIA,,Sim
300,00.033.241/0001-37,,VITRAL VIDROS PLANOS LTDA,Sim,,97012: BRASÍLIA,DF,2: SOCIEDADE EMPRESÁRIA LIMITADA,2: null,,,2311700: FABRICAÇÃO DE VIDRO PLANO E DE SEGURANÇA,,Sim
302,00.033.613/0003-97,,SANTA IZABEL TRANSPORTES E TURISMO LTDA,Sim,,97012: BRASÍLIA,DF,2: SOCIEDADE EMPRESÁRIA LIMITADA,2: null,,,"4922102: TRANSPORTE RODOVIÁRIO COLETIVO DE PASSAGEIROS, COM ITINERÁRIO FIXO, INTERESTADUAL",,Sim
304,00.033.757/0001-81,,GEOAMBIENTE SENSORIAMENTO REMOTO LTDA,Sim,,70998: São José dos Campos,SP,19: SOCIEDADE SIMPLES LIMITADA,2: null,,,7119702: ATIVIDADES DE ESTUDOS GEOLÓGICOS,,Sim
305,,***.338.271-**,GUSTAVO CAPITANIO BETELLA,Sim,,6335: Novo Progresso,PA,,1: MICROEMPRESA,,,,,Sim
306,00.034.262/0001-77,,HOSPITAL CANTO DO FORTE S/S LTDA,Não,,69213: Praia Grande,SP,19: SOCIEDADE SIMPLES LIMITADA,2: null,,,"8610101: ATIVIDADES DE ATENDIMENTO HOSPITALAR, EXCETO PRONTO-SOCORRO E UNIDADES PARA ATENDIMENTO A URGÊNCIAS",,Sim
308,00.034.862/0001-35,,RODRIGUES DIAS ENGENHARIA CIVIL LTDA,Sim,,70718: Santos,SP,19: SOCIEDADE SIMPLES LIMITADA,2: null,,,7112000: SERVIÇOS DE ENGENHARIA,,Sim
318,00.038.174/0001-43,,FUNDACAO UNIVERSIDADE DE BRASILIA,Sim,,97012: BRASÍLIA,DF,38: FUNDAÇÃO PÚBLICA DE DIREITO PÚBLICO FEDERAL,2: null,,,8531700: EDUCAÇÃO SUPERIOR - GRADUAÇÃO,,Sim
321,00.038.620/0001-10,,VERTICAL CONSTRUCOES E MONTAGENS INDUSTRIAIS LTDA,Sim,,97012: BRASÍLIA,DF,2: SOCIEDADE EMPRESÁRIA LIMITADA,2: null,,,"2822401: FABRICAÇÃO DE MÁQUINAS, EQUIPAMENTOS E APARELHOS PARA TRANSPORTE E ELEVAÇÃO DE PESSOAS, PEÇAS E ACESSÓRIOS",,Sim
322,,***.388.460-**,FREDERICO DOELER,Sim,,88412: Santa Maria,RS,,1: MICROEMPRESA,,,,,Sim
325,00.039.404/0001-99,,H & F VIGILANCIA E SEGURANCA LTDA,Sim,,92630: Barro Alto,GO,2: SOCIEDADE EMPRESÁRIA LIMITADA,2: null,,,8011101: ATIVIDADES DE VIGILÂNCIA E SEGURANÇA PRIVADA,,Sim
326,,***.400.290-**,ANTONIO CHAVES BARCELLOS,Não,,88013: Porto Alegre,RS,,1: MICROEMPRESA,,,,,Sim
329,00.041.327/0001-01,,CURINGA EMPREENDIMENTOS IMOBILIARIOS LTDA,Sim,,97012: BRASÍLIA,DF,2: SOCIEDADE EMPRESÁRIA LIMITADA,2: null,,,6462000: HOLDINGS DE INSTITUIÇÕES NÃO-FINANCEIRAS,,Sim
330,00.041.327/0006-16,,CURINGA EMPREENDIMENTOS IMOBILIARIOS LTDA,Não,,93734: Goiânia,GO,2: SOCIEDADE EMPRESÁRIA LIMITADA,2: null,,,4530705: COMÉRCIO A VAREJO DE PNEUMÁTICOS E CÂMARAS-DE-AR,,Sim
331,00.041.327/0010-00,,CURINGA EMPREENDIMENTOS IMOBILIARIOS LTDA,Não,,41238: Belo Horizonte,MG,2: SOCIEDADE EMPRESÁRIA LIMITADA,2: null,,,4530705: COMÉRCIO A VAREJO DE PNEUMÁTICOS E CÂMARAS-DE-AR,,Sim
334,00.041.327/0019-30,,CURINGA EMPREENDIMENTOS IMOBILIARIOS LTDA,Não,,90352: Barra do Garças,MT,2: SOCIEDADE EMPRESÁRIA LIMITADA,2: null,,,4530705: COMÉRCIO A VAREJO DE PNEUMÁTICOS E CÂMARAS-DE-AR,,Sim
335,00.041.327/0021-55,,CURINGA EMPREENDIMENTOS IMOBILIARIOS LTDA,Não,,4839: Marabá,PA,2: SOCIEDADE EMPRESÁRIA LIMITADA,2: null,,,4530705: COMÉRCIO A VAREJO DE PNEUMÁTICOS E CÂMARAS-DE-AR,,Sim
337,00.041.327/0024-06,,CURINGA EMPREENDIMENTOS IMOBILIARIOS LTDA,Não,,94331: Jataí,GO,2: SOCIEDADE EMPRESÁRIA LIMITADA,2: null,,,4530705: COMÉRCIO A VAREJO DE PNEUMÁTICOS E CÂMARAS-DE-AR,,Sim
338,00.041.327/0025-89,,CURINGA EMPREENDIMENTOS IMOBILIARIOS LTDA,Não,,43656: Conselheiro Lafaiete,MG,2: SOCIEDADE EMPRESÁRIA LIMITADA,2: null,,,4530705: COMÉRCIO A VAREJO DE PNEUMÁTICOS E CÂMARAS-DE-AR,,Sim
339,00.041.327/0026-60,,CURINGA EMPREENDIMENTOS IMOBILIARIOS LTDA,Não,,47333: Juiz de Fora,MG,2: SOCIEDADE EMPRESÁRIA LIMITADA,2: null,,,4530705: COMÉRCIO A VAREJO DE PNEUMÁTICOS E CÂMARAS-DE-AR,,Sim
340,00.041.327/0027-40,,CURINGA EMPREENDIMENTOS IMOBILIARIOS LTDA,Não,,7234: Bacabal,MA,2: SOCIEDADE EMPRESÁRIA LIMITADA,2: null,,,4530705: COMÉRCIO A VAREJO DE PNEUMÁTICOS E CÂMARAS-DE-AR,,Sim
341,00.041.327/0029-02,,CURINGA EMPREENDIMENTOS IMOBILIARIOS LTDA,Não,,11592: Picos,PI,2: SOCIEDADE EMPRESÁRIA LIMITADA,2: null,,,4530705: COMÉRCIO A VAREJO DE PNEUMÁTICOS E CÂMARAS-DE-AR,,Sim
342,00.041.327/0030-46,,CURINGA EMPREENDIMENTOS IMOBILIARIOS LTDA,Não,,53430: Sete Lagoas,MG,2: SOCIEDADE EMPRESÁRIA LIMITADA,2: null,,,4530705: COMÉRCIO A VAREJO DE PNEUMÁTICOS E CÂMARAS-DE-AR,,Sim
344,00.041.327/0035-50,,CURINGA EMPREENDIMENTOS IMOBILIARIOS LTDA,Não,,93254: Cristalina,GO,2: SOCIEDADE EMPRESÁRIA LIMITADA,2: null,,,4530705: COMÉRCIO A VAREJO DE PNEUMÁTICOS E CÂMARAS-DE-AR,,Sim
345,00.041.327/0036-31,,CURINGA EMPREENDIMENTOS IMOBILIARIOS LTDA,Não,,39934: Teixeira de Freitas,BA,2: SOCIEDADE EMPRESÁRIA LIMITADA,2: null,,,4530705: COMÉRCIO A VAREJO DE PNEUMÁTICOS E CÂMARAS-DE-AR,,Sim
346,00.041.327/0037-12,,CURINGA EMPREENDIMENTOS IMOBILIARIOS LTDA,Não,,9610: Açailândia,MA,2: SOCIEDADE EMPRESÁRIA LIMITADA,2: null,,,4530705: COMÉRCIO A VAREJO DE PNEUMÁTICOS E CÂMARAS-DE-AR,,Sim
347,00.041.327/0038-01,,CURINGA EMPREENDIMENTOS IMOBILIARIOS LTDA,Não,,97012: BRASÍLIA,DF,2: SOCIEDADE EMPRESÁRIA LIMITADA,2: null,,,4530705: COMÉRCIO A VAREJO DE PNEUMÁTICOS E CÂMARAS-DE-AR,,Sim
348,00.041.327/0039-84,,CURINGA EMPREENDIMENTOS IMOBILIARIOS LTDA,Não,,93971: Ipameri,GO,2: SOCIEDADE EMPRESÁRIA LIMITADA,2: null,,,4530705: COMÉRCIO A VAREJO DE PNEUMÁTICOS E CÂMARAS-DE-AR,,Sim
349,00.041.327/0040-18,,CURINGA EMPREENDIMENTOS IMOBILIARIOS LTDA,Não,,97330: Palmas,TO,2: SOCIEDADE EMPRESÁRIA LIMITADA,2: null,,,4530705: COMÉRCIO A VAREJO DE PNEUMÁTICOS E CÂMARAS-DE-AR,,Sim
351,00.041.327/0043-60,,CURINGA EMPREENDIMENTOS IMOBILIARIOS LTDA,Sim,,9610: Açailândia,MA,2: SOCIEDADE EMPRESÁRIA LIMITADA,2: null,,,2212900: REFORMA DE PNEUMÁTICOS USADOS,,Sim
353,00.041.327/0046-03,,CURINGA EMPREENDIMENTOS IMOBILIARIOS LTDA,Não,,57037: Vila Velha,ES,2: SOCIEDADE EMPRESÁRIA LIMITADA,2: null,,,4530705: COMÉRCIO A VAREJO DE PNEUMÁTICOS E CÂMARAS-DE-AR,,Sim
356,00.042.291/0001-80,,CONCRETA ENGENHARIA E COMERCIO LTDA,Sim,,95559: Porangatu,GO,2: SOCIEDADE EMPRESÁRIA LIMITADA,2: null,,,4120400: CONSTRUÇÃO DE EDIFÍCIOS,,Sim
360,,***.432.144-**,JOSE AMERICO RODRIGUES,Não,,25313: Recife,PE,,1: MICROEMPRESA,,,,,Sim
361,00.043.471/0001-87,,CONSTRUTORA VILLELA E CARVALHO LTDA,Sim,,97012: BRASÍLIA,DF,2: SOCIEDADE EMPRESÁRIA LIMITADA,2: null,,,4120400: CONSTRUÇÃO DE EDIFÍCIOS,,Sim
369,,***.465.821-**,NILSON GUILHERME CAMARA REBORDAO,Sim,,97012: BRASÍLIA,DF,,1: MICROEMPRESA,,,,,Sim
370,,***.470.330-**,DAIANE LEAL DA SILVA DE LIMA,Sim,,87912: Pelotas,RS,,1: MICROEMPRESA,,,,,Sim
375,00.048.785/0001-72,,INDAIA BRASIL AGUAS MINERAIS LTDA,Sim,,13897: Fortaleza,CE,2: SOCIEDADE EMPRESÁRIA LIMITADA,2: null,,,1121600: FABRICAÇÃO DE ÁGUAS ENVASADAS,,Sim
376,00.048.785/0003-34,,INDAIA BRASIL AGUAS MINERAIS LTDA,Sim,,13897: Fortaleza,CE,2: SOCIEDADE EMPRESÁRIA LIMITADA,2: null,,,1121600: FABRICAÇÃO DE ÁGUAS ENVASADAS,,Sim
385,,***.489.351-**,WATUSI CARVALHO DERZI MORAES,Sim,,91316: Ponta Porã,MS,,1: MICROEMPRESA,,,,,Sim
386,00.049.460/0001-04,,JAWA COMERCIO E SERVICOS LTDA,Sim,,97012: BRASÍLIA,DF,2: SOCIEDADE EMPRESÁRIA LIMITADA,2: null,,,4751201: COMÉRCIO VAREJISTA ESPECIALIZADO DE EQUIPAMENTOS E SUPRIMENTOS DE INFORMÁTICA,,Sim
389,00.049.791/0001-44,,HOSPITAL SANTA HELENA S/A,Não,,97012: BRASÍLIA,DF,48: SOCIEDADE ANÔNIMA FECHADA,2: null,,,8610102: ATIVIDADES DE ATENDIMENTO EM PRONTO-SOCORRO E UNIDADES HOSPITALARES PARA ATENDIMENTO A URGÊNCIAS,,Sim
391,,***.512.810-**,RAQUEL DOELER,Sim,,88919: São Pedro do Sul,RS,,1: MICROEMPRESA,,,,,Sim
393,,***.515.271-**,ANTONIO AIRTON DE ARAUJO CARNEIRO,Sim,,13897: Fortaleza,CE,,1: MICROEMPRESA,,,,,Sim
394,,***.516.169-**,RUBENS CARLOS BUSCHMANN,Não,,97870: Chapadão do Sul,MS,,1: MICROEMPRESA,,,,,Sim
395,00.051.722/0001-75,,CASA DO PAO LTDA,Sim,,97012: BRASÍLIA,DF,2: SOCIEDADE EMPRESÁRIA LIMITADA,2: null,,,4721102: PADARIA E CONFEITARIA COM PREDOMINÂNCIA DE REVENDA,,Sim
396,,***.519.320-**,SERGIO LUIZ BRAGA JUNIOR,Sim,,88498: Santa Vitória do Palmar,RS,,1: MICROEMPRESA,,,,,Sim
400,,***.540.671-**,FELIPE ADROALDO RAMPELOTTO GATTO,Sim,,91510: Rondonópolis,MT,,1: MICROEMPRESA,,,,,Sim
401,,***.540.821-**,EDUARDO BRUNO RAMPELOTTO GATTO,Sim,,99074: Sorriso,MT,,1: MICROEMPRESA,,,,,Sim
402,,***.541.510-**,FLAVIO ROTTA CORREA,Sim,,88013: Porto Alegre,RS,,1: MICROEMPRESA,,,,,Sim
408,00.055.671/0001-50,,VAN-MEX COMERCIAL E SERVICOS LTDA,Sim,,58653: Niterói,RJ,2: SOCIEDADE EMPRESÁRIA LIMITADA,2: null,,,4761003: COMÉRCIO VAREJISTA DE ARTIGOS DE PAPELARIA,,Sim
409,00.055.699/0001-97,,CIAL COMERCIO E INDUSTRIA DE ALIMENTOS LTDA,Sim,,93734: Goiânia,GO,2: SOCIEDADE EMPRESÁRIA LIMITADA,2: null,,,5620101: FORNECIMENTO DE ALIMENTOS PREPARADOS PREPONDERANTEMENTE PARA EMPRESAS,,Sim
410,00.055.699/0003-59,,CIAL COMERCIO E INDUSTRIA DE ALIMENTOS LTDA,Sim,,93734: Goiânia,GO,2: SOCIEDADE EMPRESÁRIA LIMITADA,2: null,,,5620101: FORNECIMENTO DE ALIMENTOS PREPARADOS PREPONDERANTEMENTE PARA EMPRESAS,,Sim
412,,***.561.221-**,THOMAS MATIAS MICHELS,Sim,,94595: Mineiros,GO,,1: MICROEMPRESA,,,,,Sim
414,00.056.500/0001-45,,MICROWORK COMERCIO E ASSISTENCIA TECNICA LTDA,Sim,,58777: Petrópolis,RJ,2: SOCIEDADE EMPRESÁRIA LIMITADA,2: null,,,4751201: COMÉRCIO VAREJISTA ESPECIALIZADO DE EQUIPAMENTOS E SUPRIMENTOS DE INFORMÁTICA,,Sim
417,00.056.697/0001-12,,SPM EMPREENDIMENTOS LTDA,Sim,,71072: São Paulo,SP,2: SOCIEDADE EMPRESÁRIA LIMITADA,2: null,,,4299599: OUTRAS OBRAS DE ENGENHARIA CIVIL NÃO ESPECIFICADAS ANTERIORMENTE,,Sim
420,00.056.958/0001-02,,IDEALLE EDITORA E PUBLICIDADE LTDA,Não,,77690: Piraquara,PR,2: SOCIEDADE EMPRESÁRIA LIMITADA,2: null,,,5822101: EDIÇÃO INTEGRADA À IMPRESSÃO DE JORNAIS DIÁRIOS,,Sim
421,00.057.023/0001-32,,IMOBILIARIA PEDRA LTDA,Sim,,90352: Barra do Garças,MT,2: SOCIEDADE EMPRESÁRIA LIMITADA,2: null,,,6821802: CORRETAGEM NO ALUGUEL DE IMÓVEIS,,Sim
422,00.057.118/0001-56,,ARTE TINTAS COMERCIO DE TINTAS LTDA,Sim,,75639: Foz do Iguaçu,PR,2: SOCIEDADE EMPRESÁRIA LIMITADA,2: null,,,4741500: COMÉRCIO VAREJISTA DE TINTAS E MATERIAIS PARA PINTURA,,Sim
424,00.057.359/0001-03,,COMERCIAL DE BOMBAS E MOTORES LTDA,Sim,,41238: Belo Horizonte,MG,2: SOCIEDADE EMPRESÁRIA LIMITADA,2: null,,,4744005: COMÉRCIO VAREJISTA DE MATERIAIS DE CONSTRUÇÃO NÃO ESPECIFICADOS ANTERIORMENTE,,Sim
430,00.058.094/0001-50,,HUCZOK & LEME CONSULTORIA LTDA,Não,,70572: Santo André,SP,2: SOCIEDADE EMPRESÁRIA LIMITADA,2: null,,,"7020400: ATIVIDADES DE CONSULTORIA EM GESTÃO EMPRESARIAL, EXCETO CONSULTORIA TÉCNICA ESPECÍFICA",,Sim
435,00.058.557/0001-83,,FABIO MANOEL MARTINS,Sim,,81051: Florianópolis,SC,1: EMPRESÁRIO (INDIVIDUAL),2: null,,,9529199: REPARAÇÃO E MANUTENÇÃO DE OUTROS OBJETOS E EQUIPAMENTOS PESSOAIS E DOMÉSTICOS NÃO ESPECIFICADOS ANTERIORMENTE,,Sim
437,00.058.752/0003-75,,CENTRO AUTOMOTIVO BH SUL LTDA,Sim,,41017: Bambuí,MG,2: SOCIEDADE EMPRESÁRIA LIMITADA,2: null,,,4731800: COMÉRCIO VAREJISTA DE COMBUSTÍVEIS PARA VEÍCULOS AUTOMOTORES,,Sim
439,00.058.865/0001-09,,M M F VELLOSO LTDA,Sim,,58653: Niterói,RJ,2: SOCIEDADE EMPRESÁRIA LIMITADA,2: null,,,4120400: CONSTRUÇÃO DE EDIFÍCIOS,,Sim
440,00.059.062/0001-79,,CRYSSIL FORNECEDORA DE MATERIAIS E SERVICOS ESPECIALIZADOSLTDA,Sim,,60011: Rio de Janeiro,RJ,2: SOCIEDADE EMPRESÁRIA LIMITADA,2: null,,,"4645101: COMÉRCIO ATACADISTA DE INSTRUMENTOS E MATERIAIS PARA USO MÉDICO, CIRÚRGICO, HOSPITALAR E DE LABORATÓRIOS",,Sim
441,00.059.204/0001-06,,JOAO PEDRO FULOZINO,Não,,93734: Goiânia,GO,1: EMPRESÁRIO (INDIVIDUAL),2: null,,,9521500: REPARAÇÃO E MANUTENÇÃO DE EQUIPAMENTOS ELETROELETRÔNICOS DE USO PESSOAL E DOMÉSTICO,,Sim
443,,***.592.438-**,HELOISA HELENA CANTO NOGUEIRA,Sim,,71072: São Paulo,SP,,1: MICROEMPRESA,,,,,Sim
446,00.059.746/0001-70,,NOBRE-SERVICE SERVICOS TECNICOS INDUSTRIAIS LTDA,Sim,,58653: Niterói,RJ,2: SOCIEDADE EMPRESÁRIA LIMITADA,2: null,,,3317101: MANUTENÇÃO E REPARAÇÃO DE EMBARCAÇÕES E ESTRUTURAS FLUTUANTES,,Sim
448,00.059.799/0001-91,,HDS SISTEMAS DE ENERGIA LTDA,Sim,,54534: Pinhais,PR,2: SOCIEDADE EMPRESÁRIA LIMITADA,2: null,,,"2710402: FABRICAÇÃO DE TRANSFORMADORES, INDUTORES, CONVERSORES, SINCRONIZADORES E SEMELHANTES, PEÇAS E ACESSÓRIOS",,Sim
449,00.059.857/0001-87,,CENTRO DE ENSINO UNIFICADO DE BRASILIA CEUB,Sim,,97012: BRASÍLIA,DF,23: ASSOCIAÇÃO PRIVADA,2: null,,,8531700: EDUCAÇÃO SUPERIOR - GRADUAÇÃO,,Sim
450,00.059.908/0001-70,,HOUSE CENTER M.P.R. FLORES LTDA,Sim,,60011: Rio de Janeiro,RJ,2: SOCIEDADE EMPRESÁRIA LIMITADA,2: null,,,4789002: COMÉRCIO VAREJISTA DE PLANTAS E FLORES NATURAIS,,Sim
451,00.059.934/0001-07,,BRISASOL SERVICOS DE TURISMO LTDA,Sim,,38490: Salvador,BA,2: SOCIEDADE EMPRESÁRIA LIMITADA,2: null,,,7911200: AGÊNCIAS DE VIAGENS,,Sim
456,,***.601.954-**,ERICK LUIZ NEVES DA CAMARA,Sim,,17612: Natal,RN,,1: MICROEMPRESA,,,,,Sim
459,00.060.349/0001-19,,DIAGNOSTICA REPRESENTACOES E COMERCIO LTDA,Sim,,9210: São Luís,MA,2: SOCIEDADE EMPRESÁRIA LIMITADA,2: null,,,4773300: COMÉRCIO VAREJISTA DE ARTIGOS MÉDICOS E ORTOPÉDICOS,,Sim
465,00.061.036/0001-85,,LIFE EMPREENDIMENTOS E SERVICOS LTDA,Sim,,97012: BRASÍLIA,DF,2: SOCIEDADE EMPRESÁRIA LIMITADA,2: null,,,"8111700: SERVIÇOS COMBINADOS PARA APOIO A EDIFÍCIOS, EXCETO CONDOMÍNIOS PREDIAIS",,Sim
466,00.061.100/0001-28,,GRUBER & FILHO LTDA,Não,,75639: Foz do Iguaçu,PR,2: SOCIEDADE EMPRESÁRIA LIMITADA,2: null,,,4754703: COMÉRCIO VAREJISTA DE ARTIGOS DE ILUMINAÇÃO,,Sim
467,00.061.118/0001-20,,CEPEO - CONTRACEPTIVOS LTDA,Sim,,38490: Salvador,BA,2: SOCIEDADE EMPRESÁRIA LIMITADA,2: null,,,"4645101: COMÉRCIO ATACADISTA DE INSTRUMENTOS E MATERIAIS PARA USO MÉDICO, CIRÚRGICO, HOSPITALAR E DE LABORATÓRIOS",,Sim
468,00.061.133/0001-78,,GUSTAVO MARTINS MARQUES,Sim,,9210: São Luís,MA,1: EMPRESÁRIO (INDIVIDUAL),2: null,,,7111100: SERVIÇOS DE ARQUITETURA,,Sim
469,00.061.137/0001-56,,RTS SERVICOS E MANUTENCOES LTDA,Não,,38490: Salvador,BA,2: SOCIEDADE EMPRESÁRIA LIMITADA,2: null,,,"4322301: INSTALAÇÕES HIDRÁULICAS, SANITÁRIAS E DE GÁS",,Sim
472,00.061.191/0001-00,,J.B. ASSISTENCIA TECNICA EM EQUIPAMENTOS MEDICOS E ODONTOLOGICOS LTDA,Sim,,90514: Campo Grande,MS,2: SOCIEDADE EMPRESÁRIA LIMITADA,2: null,,,3319800: MANUTENÇÃO E REPARAÇÃO DE EQUIPAMENTOS E PRODUTOS NÃO ESPECIFICADOS ANTERIORMENTE,,Sim
473,00.061.294/0001-61,,ZANIN & ZANIN LTDA,Sim,,75639: Foz do Iguaçu,PR,2: SOCIEDADE EMPRESÁRIA LIMITADA,2: null,,,4530703: COMÉRCIO A VAREJO DE PEÇAS E ACESSÓRIOS NOVOS PARA VEÍCULOS AUTOMOTORES,,Sim
474,00.061.511/0001-13,,DIGITO COMERCIAL LTDA,Sim,,74934: Cascavel,PR,2: SOCIEDADE EMPRESÁRIA LIMITADA,2: null,,,4751201: COMÉRCIO VAREJISTA ESPECIALIZADO DE EQUIPAMENTOS E SUPRIMENTOS DE INFORMÁTICA,,Sim
475,00.061.742/0001-27,,STARTWARE INFORMATICA LTDA,Sim,,97012: BRASÍLIA,DF,2: SOCIEDADE EMPRESÁRIA LIMITADA,2: null,,,6201501: DESENVOLVIMENTO DE PROGRAMAS DE COMPUTADOR SOB ENCOMENDA,,Sim
478,00.062.038/0001-99,,TONERVILLE MANUTENCAO E INSTALACAO DE EQUIPAMENTOS LTDA,Sim,,81795: Joinville,SC,2: SOCIEDADE EMPRESÁRIA LIMITADA,2: null,,,7733100: ALUGUEL DE MÁQUINAS E EQUIPAMENTOS PARA ESCRITÓRIO,,Sim
486,00.062.779/0001-70,,F M ARAUJO BEZERRA,Sim,,13897: Fortaleza,CE,1: EMPRESÁRIO (INDIVIDUAL),2: null,,,4742300: COMÉRCIO VAREJISTA DE MATERIAL ELÉTRICO,,Sim
488,00.062.861/0001-02,,ACOMAR REFORMA E REFRIGERACAO LTDA,Sim,,45950: Ibirité,MG,2: SOCIEDADE EMPRESÁRIA LIMITADA,2: null,,,"4322302: INSTALAÇÃO E MANUTENÇÃO DE SISTEMAS CENTRAIS DE AR CONDICIONADO, DE VENTILAÇÃO E REFRIGERAÇÃO",,Sim
492,00.063.134/0001-51,,CARLOS WILIAM TSUHA LTDA,Sim,,90514: Campo Grande,MS,2: SOCIEDADE EMPRESÁRIA LIMITADA,2: null,,,"2539001: SERVIÇOS DE USINAGEM, TORNEARIA E SOLDA",,Sim
493,00.063.195/0001-19,,CAFETERIA COLFARO LTDA,Sim,,60011: Rio de Janeiro,RJ,2: SOCIEDADE EMPRESÁRIA LIMITADA,2: null,,,"5611203: LANCHONETES, CASAS DE CHÁ, DE SUCOS E SIMILARES",,Sim
494,00.063.215/0001-51,,PETHRAS ENGENHARIA E TELECOMUNICACOES LTDA,Sim,,60011: Rio de Janeiro,RJ,2: SOCIEDADE EMPRESÁRIA LIMITADA,2: null,,,"4329104: MONTAGEM E INSTALAÇÃO DE SISTEMAS E EQUIPAMENTOS DE ILUMINAÇÃO E SINALIZAÇÃO EM VIAS PÚBLICAS, PORTOS E AEROPORTOS",,Sim
498,,***.635.939-**,RODRIGO SILVEIRA,Sim,,35: Porto Velho,RO,,1: MICROEMPRESA,,,,,Sim
499,00.063.682/0001-81,,SOMITEC SOCIEDADE DE MONTAGENS E INST.TECNICAS LTDA,Sim,,41238: Belo Horizonte,MG,2: SOCIEDADE EMPRESÁRIA LIMITADA,2: null,,,4321500: INSTALAÇÃO E MANUTENÇÃO ELÉTRICA,,Sim
500,00.063.719/0001-71,,PAPELARIA DINAMICA LTDA,Sim,,93734: Goiânia,GO,2: SOCIEDADE EMPRESÁRIA LIMITADA,2: null,,,4647801: COMÉRCIO ATACADISTA DE ARTIGOS DE ESCRITÓRIO E DE PAPELARIA,,Sim
505,00.064.212/0001-32,,AUDIO MERCANTIL LTDA,Sim,,97012: BRASÍLIA,DF,2: SOCIEDADE EMPRESÁRIA LIMITADA,2: null,,,4753900: COMÉRCIO VAREJISTA ESPECIALIZADO DE ELETRODOMÉSTICOS E EQUIPAMENTOS DE ÁUDIO E VÍDEO,,Sim
506,00.064.336/0001-18,,VOUGA VEICULOS E PECAS LTDA,Sim,,13897: Fortaleza,CE,2: SOCIEDADE EMPRESÁRIA LIMITADA,2: null,,,"4511101: COMÉRCIO A VAREJO DE AUTOMÓVEIS, CAMIONETAS E UTILITÁRIOS NOVOS",,Sim
507,00.064.702/0001-39,,SKM ELETRO ELETRONICA LTDA,Sim,,58378: Itaboraí,RJ,2: SOCIEDADE EMPRESÁRIA LIMITADA,2: null,,,7112000: SERVIÇOS DE ENGENHARIA,,Sim
508,00.064.709/0001-50,,PLANSERVICE TERCEIRIZACAO DE SERVICOS LTDA,Não,,93734: Goiânia,GO,2: SOCIEDADE EMPRESÁRIA LIMITADA,2: null,,,8121400: LIMPEZA EM PRÉDIOS E EM DOMICÍLIOS,,Sim
509,00.064.849/0001-29,,SERRA AZUL ENGENHARIA LTDA,Sim,,41238: Belo Horizonte,MG,19: SOCIEDADE SIMPLES LIMITADA,2: null,,,7112000: SERVIÇOS DE ENGENHARIA,,Sim
510,00.064.866/0001-66,,GRUPO DE TEATRO ARMATRUX,Sim,,41238: Belo Horizonte,MG,23: ASSOCIAÇÃO PRIVADA,2: null,,,9493600: ATIVIDADES DE ORGANIZAÇÕES ASSOCIATIVAS LIGADAS À CULTURA E À ARTE,,Sim
512,00.065.123/0001-00,,C E A COMUNICACAO E PRODUCAO LTDA,Sim,,9210: São Luís,MA,2: SOCIEDADE EMPRESÁRIA LIMITADA,2: null,,,"8230001: SERVIÇOS DE ORGANIZAÇÃO DE FEIRAS, CONGRESSOS, EXPOSIÇÕES E FESTAS",,Sim
513,00.065.178/0001-10,,INPREART INDUSTRIA DE PRE-MOLDADOS E ARTEFATOS DE CONCRETO LTDA,Sim,,75132: Colombo,PR,2: SOCIEDADE EMPRESÁRIA LIMITADA,2: null,,,"2330399: FABRICAÇÃO DE OUTROS ARTEFATOS E PRODUTOS DE CONCRETO, CIMENTO, FIBROCIMENTO, GESSO E MATERIAIS SEMELHANTES",,Sim
515,00.065.391/0001-22,,OLIVEIRA MELO ENGENHARIA E CONSTRUCOES LTDA,Sim,,93734: Goiânia,GO,2: SOCIEDADE EMPRESÁRIA LIMITADA,2: null,,,4120400: CONSTRUÇÃO DE EDIFÍCIOS,,Sim
516,00.065.492/0001-01,,P S 3 COMERCIAL E DISTRIBUIDORA LTDA,Não,,83275: São José,SC,2: SOCIEDADE EMPRESÁRIA LIMITADA,2: null,,,4751201: COMÉRCIO VAREJISTA ESPECIALIZADO DE EQUIPAMENTOS E SUPRIMENTOS DE INFORMÁTICA,,Sim
517,00.065.562/0001-13,,NATUREZA REPRESENTACOES E COMERCIO LTDA,Sim,,58831: Resende,RJ,2: SOCIEDADE EMPRESÁRIA LIMITADA,2: null,,,4530701: COMÉRCIO POR ATACADO DE PEÇAS E ACESSÓRIOS NOVOS PARA VEÍCULOS AUTOMOTORES,,Sim
519,00.065.644/0001-68,,NUTRANA LTDA EM RECUPERACAO JUDICIAL,Sim,,90670: Cuiabá,MT,2: SOCIEDADE EMPRESÁRIA LIMITADA,2: null,,,5620101: FORNECIMENTO DE ALIMENTOS PREPARADOS PREPONDERANTEMENTE PARA EMPRESAS,,Sim
520,00.065.670/0001-96,,M A MARTINELLI,Sim,,90352: Barra do Garças,MT,1: EMPRESÁRIO (INDIVIDUAL),2: null,,,4743100: COMÉRCIO VAREJISTA DE VIDROS,,Sim
522,,***.663.935-**,FRANCICLEIDE PEREIRA DE LIMA,Sim,,33634: Barreiras,BA,,1: MICROEMPRESA,,,,,Sim
523,00.066.446/0001-19,,RIO BRANCO S/A CORRETORA DE SEGUROS,Sim,,80810: Chapecó,SC,48: SOCIEDADE ANÔNIMA FECHADA,2: null,,,"6622300: CORRETORES E AGENTES DE SEGUROS, DE PLANOS DE PREVIDÊNCIA COMPLEMENTAR E DE SAÚDE",,Sim
524,00.066.508/0001-92,,BORTONCELLO INFORMATICA DISTRIB DE SUPRIMENTOS LTDA,Sim,,85995: Caxias do Sul,RS,2: SOCIEDADE EMPRESÁRIA LIMITADA,2: null,,,4751201: COMÉRCIO VAREJISTA ESPECIALIZADO DE EQUIPAMENTOS E SUPRIMENTOS DE INFORMÁTICA,,Sim
527,00.066.716/0001-91,,LOGIN INFORMATICA COMERCIO E REPRESENTACAO LTDA,Sim,,38490: Salvador,BA,2: SOCIEDADE EMPRESÁRIA LIMITADA,2: null,,,4751201: COMÉRCIO VAREJISTA ESPECIALIZADO DE EQUIPAMENTOS E SUPRIMENTOS DE INFORMÁTICA,,Sim
529,00.066.716/0003-53,,LOGIN INFORMATICA COMERCIO E REPRESENTACAO LTDA,Sim,,35734: Ilhéus,BA,2: SOCIEDADE EMPRESÁRIA LIMITADA,2: null,,,2621300: FABRICAÇÃO DE EQUIPAMENTOS DE INFORMÁTICA,,Sim
532,00.067.475/0001-03,,EDOX GASES MEDICINAIS E INDUSTRIAIS LTDA,Sim,,58335: Duque de Caxias,RJ,2: SOCIEDADE EMPRESÁRIA LIMITADA,2: null,,,4773300: COMÉRCIO VAREJISTA DE ARTIGOS MÉDICOS E ORTOPÉDICOS,,Sim
534,00.067.750/0002-61,,POSTO LONGANA LTDA,Sim,,47236: João Monlevade,MG,2: SOCIEDADE EMPRESÁRIA LIMITADA,2: null,,,4681805: COMÉRCIO ATACADISTA DE LUBRIFICANTES,,Sim
536,00.067.807/0001-41,,COMERCIO DE ESTIVAS LTDA,Sim,,31054: Aracaju,SE,2: SOCIEDADE EMPRESÁRIA LIMITADA,2: null,,,"4637107: COMÉRCIO ATACADISTA DE CHOCOLATES, CONFEITOS, BALAS, BOMBONS E SEMELHANTES",,Sim
537,00.067.910/0001-91,,PROVINCIA TRANSPORTES E VIAGENS LTDA,Sim,,88013: Porto Alegre,RS,2: SOCIEDADE EMPRESÁRIA LIMITADA,2: null,,,4923002: SERVIÇO DE TRANSPORTE DE PASSAGEIROS - LOCAÇÃO DE AUTOMÓVEIS COM MOTORISTA,,Sim
539,00.068.095/0001-85,,TRIAL CONSTRUTORA LTDA,Não,,60011: Rio de Janeiro,RJ,2: SOCIEDADE EMPRESÁRIA LIMITADA,2: null,,,4330499: OUTRAS OBRAS DE ACABAMENTO DA CONSTRUÇÃO,,Sim
541,00.068.730/0001-24,,TOKEN RING INSTALACOES ELETRICAS E INFORMATICA LTDA,Sim,,38490: Salvador,BA,2: SOCIEDADE EMPRESÁRIA LIMITADA,2: null,,,4752100: COMÉRCIO VAREJISTA ESPECIALIZADO DE EQUIPAMENTOS DE TELEFONIA E COMUNICAÇÃO,,Sim
542,00.068.841/0001-30,,CONBRAL S A CONSTRUTORA BRASILIA,Sim,,97012: BRASÍLIA,DF,48: SOCIEDADE ANÔNIMA FECHADA,2: null,,,4120400: CONSTRUÇÃO DE EDIFÍCIOS,,Sim
545,,***.691.500-**,MATEUS GIACOMELLI TADIELO,Sim,,88633: São Borja,RS,,1: MICROEMPRESA,,,,,Sim
546,00.069.172/0001-11,,M. DE L. BADIN,Não,,95958: Planaltina,GO,1: EMPRESÁRIO (INDIVIDUAL),2: null,,,"7020400: ATIVIDADES DE CONSULTORIA EM GESTÃO EMPRESARIAL, EXCETO CONSULTORIA TÉCNICA ESPECÍFICA",,Sim
550,00.069.935/0001-24,,MHW ADMINISTRADORA DE BENS LTDA.,Sim,,81795: Joinville,SC,2: SOCIEDADE EMPRESÁRIA LIMITADA,2: null,,,6462000: HOLDINGS DE INSTITUIÇÕES NÃO-FINANCEIRAS,,Sim
551,00.069.955/0001-03,,DIPLOMATA MOLDURAS E VIDROS LTDA,Sim,,97012: BRASÍLIA,DF,2: SOCIEDADE EMPRESÁRIA LIMITADA,2: null,,,4743100: COMÉRCIO VAREJISTA DE VIDROS,,Sim
552,00.070.070/0001-16,,UPX STUDIO LTDA,Sim,,60011: Rio de Janeiro,RJ,19: SOCIEDADE SIMPLES LIMITADA,2: null,,,"5911199: ATIVIDADES DE PRODUÇÃO CINEMATOGRÁFICA, DE VÍDEOS E DE PROGRAMAS DE TELEVISÃO NÃO ESPECIFICADAS ANTERIORMENTE",,Sim
554,00.070.112/0005-42,,ALL NATIONS COMERCIO EXTERIOR S.A.,Não,,82333: Palhoça,SC,48: SOCIEDADE ANÔNIMA FECHADA,2: null,,,4652400: COMÉRCIO ATACADISTA DE COMPONENTES ELETRÔNICOS E EQUIPAMENTOS DE TELEFONIA E COMUNICAÇÃO,,Sim
555,00.070.114/0001-08,,GBG PNEUS LTDA,Sim,,60011: Rio de Janeiro,RJ,2: SOCIEDADE EMPRESÁRIA LIMITADA,2: null,,,4530702: COMÉRCIO POR ATACADO DE PNEUMÁTICOS E CÂMARAS-DE-AR,,Sim
559,00.070.414/0001-97,,CAMILO & GHISI LTDA.,Sim,,83674: Tubarão,SC,2: SOCIEDADE EMPRESÁRIA LIMITADA,2: null,,,4120400: CONSTRUÇÃO DE EDIFÍCIOS,,Sim
560,00.070.595/0001-51,,SOZO E FORLIN LTDA,Sim,,98310: Juina,MT,2: SOCIEDADE EMPRESÁRIA LIMITADA,2: null,,,1812100: IMPRESSÃO DE MATERIAL DE SEGURANÇA,,Sim
562,,***.706.170-**,GENARO PEREIRA TROJAHN,Sim,,85596: Cachoeira do Sul,RS,,1: MICROEMPRESA,,,,,Sim
563,00.070.680/0001-10,,MECAVEL MECANICA DE VEICULOS LTDA,Não,,93734: Goiânia,GO,2: SOCIEDADE EMPRESÁRIA LIMITADA,2: null,,,4520001: SERVIÇOS DE MANUTENÇÃO E REPARAÇÃO MECÂNICA DE VEÍCULOS AUTOMOTORES,,Sim
564,00.070.698/0001-11,,COMPANHIA ENERGETICA DE BRASILIA,Sim,,97012: BRASÍLIA,DF,9: SOCIEDADE DE ECONOMIA MISTA,2: null,,,6462000: HOLDINGS DE INSTITUIÇÕES NÃO-FINANCEIRAS,,Sim
565,00.070.723/0001-67,,R G E ELETRICA LTDA,Não,,58971: São Gonçalo,RJ,2: SOCIEDADE EMPRESÁRIA LIMITADA,2: null,,,4742300: COMÉRCIO VAREJISTA DE MATERIAL ELÉTRICO,,Sim
567,00.070.924/0001-64,,C D E CENTRO DE DIAGNOSTICOS ESPECIALIZADOS LTDA,Sim,,54038: Uberlândia,MG,2: SOCIEDADE EMPRESÁRIA LIMITADA,2: null,,,8640299: ATIVIDADES DE SERVIÇOS DE COMPLEMENTAÇÃO DIAGNÓSTICA E TERAPÊUTICA NÃO ESPECIFICADAS ANTERIORMENTE,,Sim
569,00.070.994/0001-12,,FOTO CORREA LTDA,Sim,,81051: Florianópolis,SC,2: SOCIEDADE EMPRESÁRIA LIMITADA,2: null,,,7420002: ATIVIDADES DE PRODUÇÃO DE FOTOGRAFIAS AÉREAS E SUBMARINAS,,Sim
570,00.071.174/0001-45,,A B PROPAGANDA E MARKETING LTDA,Sim,,9210: São Luís,MA,2: SOCIEDADE EMPRESÁRIA LIMITADA,2: null,,,7311400: AGÊNCIAS DE PUBLICIDADE,,Sim
574,00.071.799/0001-07,,SUPLIMED DISTRIBUIDORA DE PRODUTOS MEDICOS LTDA,Sim,,41238: Belo Horizonte,MG,2: SOCIEDADE EMPRESÁRIA LIMITADA,2: null,,,"4664800: COMÉRCIO ATACADISTA DE MÁQUINAS, APARELHOS E EQUIPAMENTOS PARA USO ODONTO-MÉDICO-HOSPITALAR; PARTES E PEÇAS",,Sim
575,00.071.815/0001-61,,"UNIGGEL SEMENTES, INDUSTRIA E COMERCIO LTDA",Sim,,736: Chapadão do Céu,GO,2: SOCIEDADE EMPRESÁRIA LIMITADA,2: null,,,"141501: PRODUÇÃO DE SEMENTES CERTIFICADAS, EXCETO DE FORRAGEIRAS PARA PASTO",,Sim
578,00.071.939/0001-47,,MANUTEST ENGENHARIA LTDA,Não,,60011: Rio de Janeiro,RJ,2: SOCIEDADE EMPRESÁRIA LIMITADA,2: null,,,2599301: SERVIÇOS DE CONFECÇÃO DE ARMAÇÕES METÁLICAS PARA A CONSTRUÇÃO,,Sim
582,00.072.255/0001-60,,JUSIMED IMPORTACAO E COMERCIO DE PRODUTOS MEDICOS LTDA,Sim,,75353: Curitiba,PR,2: SOCIEDADE EMPRESÁRIA LIMITADA,2: null,,,"4645101: COMÉRCIO ATACADISTA DE INSTRUMENTOS E MATERIAIS PARA USO MÉDICO, CIRÚRGICO, HOSPITALAR E DE LABORATÓRIOS",,Sim
583,00.072.290/0001-89,,PERFIL GESTAO EMPRESARIAL SOCIEDADE SIMPLES PURA,Sim,,38490: Salvador,BA,18: SOCIEDADE SIMPLES PURA,2: null,,,"7020400: ATIVIDADES DE CONSULTORIA EM GESTÃO EMPRESARIAL, EXCETO CONSULTORIA TÉCNICA ESPECÍFICA",,Sim
584,00.072.383/0001-03,,SERVE SUL CONSERVACAO E SERVICOS LTDA,Sim,,47333: Juiz de Fora,MG,2: SOCIEDADE EMPRESÁRIA LIMITADA,2: null,,,8121400: LIMPEZA EM PRÉDIOS E EM DOMICÍLIOS,,Sim
585,00.072.447/0001-76,,TRANSPORTES GERAIS BOTAFOGO LTDA,Sim,,97012: BRASÍLIA,DF,2: SOCIEDADE EMPRESÁRIA LIMITADA,2: null,,,"4930202: TRANSPORTE RODOVIÁRIO DE CARGA, EXCETO PRODUTOS PERIGOSOS E MUDANÇAS, INTERMUNICIPAL, INTERESTADUAL E INTERNACIONAL",,Sim
586,00.072.447/0004-19,,TRANSPORTES GERAIS BOTAFOGO LTDA,Sim,,58335: Duque de Caxias,RJ,2: SOCIEDADE EMPRESÁRIA LIMITADA,2: null,,,"4930202: TRANSPORTE RODOVIÁRIO DE CARGA, EXCETO PRODUTOS PERIGOSOS E MUDANÇAS, INTERMUNICIPAL, INTERESTADUAL E INTERNACIONAL",,Sim
587,00.072.481/0001-40,,ELETROMECANICA ESTACIO LTDA,Sim,,60011: Rio de Janeiro,RJ,2: SOCIEDADE EMPRESÁRIA LIMITADA,2: null,,,4742300: COMÉRCIO VAREJISTA DE MATERIAL ELÉTRICO,,Sim
591,00.072.675/0001-46,,TMS TELECOMUNICACOES LTDA,Sim,,41238: Belo Horizonte,MG,2: SOCIEDADE EMPRESÁRIA LIMITADA,2: null,,,4652400: COMÉRCIO ATACADISTA DE COMPONENTES ELETRÔNICOS E EQUIPAMENTOS DE TELEFONIA E COMUNICAÇÃO,,Sim
592,00.072.811/0001-06,,LEDURPHARMA COMERCIO DE PRODUTOS MEDICOS HOSPITALARES LTDA,Sim,,88013: Porto Alegre,RS,2: SOCIEDADE EMPRESÁRIA LIMITADA,2: null,,,"4645101: COMÉRCIO ATACADISTA DE INSTRUMENTOS E MATERIAIS PARA USO MÉDICO, CIRÚRGICO, HOSPITALAR E DE LABORATÓRIOS",,Sim
593,00.072.824/0001-77,,LAGOA VERDE GENEROS ALIMENTICIOS LTDA,Não,,60011: Rio de Janeiro,RJ,2: SOCIEDADE EMPRESÁRIA LIMITADA,2: null,,,4634601: COMÉRCIO ATACADISTA DE CARNES BOVINAS E SUÍNAS E DERIVADOS,,Sim
594,00.072.865/0001-63,,TORRES MIRANDA ARQUITETURA E CONSULTORIA LTDA,Sim,,41238: Belo Horizonte,MG,19: SOCIEDADE SIMPLES LIMITADA,2: null,,,7111100: SERVIÇOS DE ARQUITETURA,,Sim
595,00.072.993/0001-07,,MINAS COMERCIO DE MATERIAIS E SERVICOS LTDA,Sim,,41238: Belo Horizonte,MG,2: SOCIEDADE EMPRESÁRIA LIMITADA,2: null,,,4721103: COMÉRCIO VAREJISTA DE LATICÍNIOS E FRIOS,,Sim
597,00.073.258/0001-18,,ARTLAB PRODUTOS PARA LABORATORIO EIRELI,Não,,38490: Salvador,BA,25: EMPRESA INDIVIDUAL DE RESPONSABILIDADE LIMITADA (DE NATUREZA EMPRESÁRIA),2: null,,,"4645101: COMÉRCIO ATACADISTA DE INSTRUMENTOS E MATERIAIS PARA USO MÉDICO, CIRÚRGICO, HOSPITALAR E DE LABORATÓRIOS",,Sim
598,00.073.357/0001-08,,INOVVATI TECNOLOGIA LTDA,Sim,,90514: Campo Grande,MS,2: SOCIEDADE EMPRESÁRIA LIMITADA,2: null,,,"6209100: SUPORTE TÉCNICO, MANUTENÇÃO E OUTROS SERVIÇOS EM TECNOLOGIA DA INFORMAÇÃO",,Sim
599,00.073.568/0001-32,,LTDM MATERIAL HOSPITALAR LTDA,Sim,,60011: Rio de Janeiro,RJ,2: SOCIEDADE EMPRESÁRIA LIMITADA,2: null,,,"4645101: COMÉRCIO ATACADISTA DE INSTRUMENTOS E MATERIAIS PARA USO MÉDICO, CIRÚRGICO, HOSPITALAR E DE LABORATÓRIOS",,Sim
600,00.073.683/0001-07,,MECANICA MACAIBA LTDA,Sim,,58696: Nova Iguaçu,RJ,2: SOCIEDADE EMPRESÁRIA LIMITADA,2: null,,,4789099: COMÉRCIO VAREJISTA DE OUTROS PRODUTOS NÃO ESPECIFICADOS ANTERIORMENTE,,Sim
603,00.073.957/0001-68,,ELETROSUL CENTRAIS ELETRICAS S/A,Não,,81051: Florianópolis,SC,9: SOCIEDADE DE ECONOMIA MISTA,2: null,,,3512300: TRANSMISSÃO DE ENERGIA ELÉTRICA,,Sim
608,00.074.502/0001-67,,PRESTSUL MANUTENCAO INDUSTRIAL LTDA,Sim,,58076: Barra Mansa,RJ,2: SOCIEDADE EMPRESÁRIA LIMITADA,2: null,,,"7732201: ALUGUEL DE MÁQUINAS E EQUIPAMENTOS PARA CONSTRUÇÃO SEM OPERADOR, EXCETO ANDAIMES",,Sim
610,00.074.635/0001-33,,ABSA AEROLINHAS BRASILEIRAS S.A.,Sim,,62910: Campinas,SP,48: SOCIEDADE ANÔNIMA FECHADA,2: null,,,5120000: TRANSPORTE AÉREO DE CARGA,,Sim
613,00.074.871/0001-50,,REVESTPISOS COMERCIO DE DIVISORIAS LTDA,Não,,88013: Porto Alegre,RS,2: SOCIEDADE EMPRESÁRIA LIMITADA,2: null,,,"4759801: COMÉRCIO VAREJISTA DE ARTIGOS DE TAPEÇARIA, CORTINAS E PERSIANAS",,Sim
614,00.075.017/0001-08,,QUIMIL INDUSTRIA E COMERCIO S/A,Sim,,39136: Simões Filho,BA,48: SOCIEDADE ANÔNIMA FECHADA,2: null,,,2099199: FABRICAÇÃO DE OUTROS PRODUTOS QUÍMICOS NÃO ESPECIFICADOS ANTERIORMENTE,,Sim
615,00.075.021/0001-76,,AUTO POSTO FLOR DA CHAPADA LTDA,Sim,,35955: Itaberaba,BA,2: SOCIEDADE EMPRESÁRIA LIMITADA,2: null,,,4731800: COMÉRCIO VAREJISTA DE COMBUSTÍVEIS PARA VEÍCULOS AUTOMOTORES,,Sim
616,00.075.032/0001-56,,ECOLOGUS ENGENHARIA CONSULTIVA LTDA,Sim,,60011: Rio de Janeiro,RJ,19: SOCIEDADE SIMPLES LIMITADA,2: null,,,7112000: SERVIÇOS DE ENGENHARIA,,Sim
617,00.075.298/0001-07,,FARMACO LTDA,Sim,,92410: Araguaína,TO,2: SOCIEDADE EMPRESÁRIA LIMITADA,2: null,,,4644301: COMÉRCIO ATACADISTA DE MEDICAMENTOS E DROGAS DE USO HUMANO,,Sim
621,00.075.409/0001-77,,CENTRAL LIVROS LTDA,Sim,,82910: Rio do Sul,SC,2: SOCIEDADE EMPRESÁRIA LIMITADA,2: null,,,4761001: COMÉRCIO VAREJISTA DE LIVROS,,Sim
623,00.075.495/0001-18,,ART FORM INDUSTRIA DE FORMULARIOS LTDA,Não,,92274: Aparecida de Goiânia,GO,2: SOCIEDADE EMPRESÁRIA LIMITADA,2: null,,,1813099: IMPRESSÃO DE MATERIAL PARA OUTROS USOS,,Sim
625,00.075.718/0001-47,,CALVO ASSOCIADOS ARQUITETURA E CONSULTORIA LTDA,Não,,41238: Belo Horizonte,MG,19: SOCIEDADE SIMPLES LIMITADA,2: null,,,7111100: SERVIÇOS DE ARQUITETURA,,Sim
626,00.075.738/0001-18,,BAGGIO E PORTUGAL LOCACAO E ADMINISTRACAO DE BENS LTDA,Sim,,75353: Curitiba,PR,2: SOCIEDADE EMPRESÁRIA LIMITADA,2: null,,,6810202: ALUGUEL DE IMÓVEIS PRÓPRIOS,,Sim
628,00.075.799/0001-85,,DARB COMERCIO DE EXTINTORES LTDA,Sim,,83399: São Miguel D´Oeste,SC,2: SOCIEDADE EMPRESÁRIA LIMITADA,2: null,,,4789099: COMÉRCIO VAREJISTA DE OUTROS PRODUTOS NÃO ESPECIFICADOS ANTERIORMENTE,,Sim
642,00.076.570/0001-65,,PAI-PRONTO ATENDIMENTO INFANTIL LTDA,Sim,,97012: BRASÍLIA,DF,2: SOCIEDADE EMPRESÁRIA LIMITADA,2: null,,,8610102: ATIVIDADES DE ATENDIMENTO EM PRONTO-SOCORRO E UNIDADES HOSPITALARES PARA ATENDIMENTO A URGÊNCIAS,,Sim
646,00.077.255/0001-52,,CASA DE ISMAEL - LAR DA CRIANCA,Sim,,97012: BRASÍLIA,DF,23: ASSOCIAÇÃO PRIVADA,2: null,,,8800600: SERVIÇOS DE ASSISTÊNCIA SOCIAL SEM ALOJAMENTO,,Sim
647,00.077.362/0001-80,,DELTA ENGENHARIA INDUSTRIA E COMERCIO LTDA,Sim,,97012: BRASÍLIA,DF,2: SOCIEDADE EMPRESÁRIA LIMITADA,2: null,,,4321500: INSTALAÇÃO E MANUTENÇÃO ELÉTRICA,,Sim
648,00.077.362/0002-61,,DELTA ENGENHARIA INDUSTRIA E COMERCIO LTDA,Sim,,71072: São Paulo,SP,2: SOCIEDADE EMPRESÁRIA LIMITADA,2: null,,,4321500: INSTALAÇÃO E MANUTENÇÃO ELÉTRICA,,Sim
651,00.077.436/0001-89,,C.R.B. COMERCIO E REPRESENTACOES LTDA,Não,,90514: Campo Grande,MS,2: SOCIEDADE EMPRESÁRIA LIMITADA,2: null,,,4774100: COMÉRCIO VAREJISTA DE ARTIGOS DE ÓPTICA,,Sim
652,00.077.478/0001-10,,EP ENGENHARIA E SERVICOS LTDA,Não,,9210: São Luís,MA,2: SOCIEDADE EMPRESÁRIA LIMITADA,2: null,,,4321500: INSTALAÇÃO E MANUTENÇÃO ELÉTRICA,,Sim
653,,***.775.340-**,CARLOS ALBERTO VERISSIMO DA FONSECA,Não,,88013: Porto Alegre,RS,,1: MICROEMPRESA,,,,,Sim
655,00.077.689/0001-52,,TECMES TECNOLOGIA METODOLOGIA SERVICOS E COMERCIO DE INFORMATICA LTDA.,Sim,,71072: São Paulo,SP,2: SOCIEDADE EMPRESÁRIA LIMITADA,2: null,,,"6311900: TRATAMENTO DE DADOS, PROVEDORES DE SERVIÇOS DE APLICAÇÃO E SERVIÇOS DE HOSPEDAGEM NA INTERNET",,Sim
657,00.077.808/0001-77,,PRODOCTOR- COM DE EQUIPAMENTOS ODONTOLOGICOS E SERV LTDA,Sim,,81051: Florianópolis,SC,2: SOCIEDADE EMPRESÁRIA LIMITADA,2: null,,,4773300: COMÉRCIO VAREJISTA DE ARTIGOS MÉDICOS E ORTOPÉDICOS,,Sim
658,00.077.905/0001-60,,M R PEREIRA CONSERTOS EM MOTOS,Sim,,60011: Rio de Janeiro,RJ,1: EMPRESÁRIO (INDIVIDUAL),2: null,,,4530703: COMÉRCIO A VAREJO DE PEÇAS E ACESSÓRIOS NOVOS PARA VEÍCULOS AUTOMOTORES,,Sim
659,00.077.971/0001-30,,MATHEUS TRANSPORTES E SERVICOS LTDA,Não,,38490: Salvador,BA,2: SOCIEDADE EMPRESÁRIA LIMITADA,2: null,,,4923002: SERVIÇO DE TRANSPORTE DE PASSAGEIROS - LOCAÇÃO DE AUTOMÓVEIS COM MOTORISTA,,Sim
661,,***.780.924-**,ADRIANA COSTA MAIA,Sim,,19810: Campina Grande,PB,,1: MICROEMPRESA,,,,,Sim
662,00.078.214/0001-80,,MENDES & DE PAULA LTDA,Sim,,74810: Campo Largo,PR,2: SOCIEDADE EMPRESÁRIA LIMITADA,2: null,,,"8111700: SERVIÇOS COMBINADOS PARA APOIO A EDIFÍCIOS, EXCETO CONDOMÍNIOS PREDIAIS",,Sim
663,00.078.220/0001-38,,CENTRO DE ENSINO UNIFICADO DO DISTRITO FEDERAL LTDA,Sim,,97012: BRASÍLIA,DF,2: SOCIEDADE EMPRESÁRIA LIMITADA,2: null,,,8532500: EDUCAÇÃO SUPERIOR - GRADUAÇÃO E PÓS-GRADUAÇÃO,,Sim
664,00.078.296/0001-63,,PAMPULHA ENGENHARIA LTDA,Sim,,39136: Simões Filho,BA,2: SOCIEDADE EMPRESÁRIA LIMITADA,2: null,,,4292802: OBRAS DE MONTAGEM INDUSTRIAL,,Sim
665,00.078.300/0001-93,,JOAPE - CLIMATIZACAO INDUSTRIAL LTDA,Sim,,88552: Santo Antônio da Patrulha,RS,2: SOCIEDADE EMPRESÁRIA LIMITADA,2: null,,,"2823200: FABRICAÇÃO DE MÁQUINAS E APARELHOS DE REFRIGERAÇÃO E VENTILAÇÃO PARA USO INDUSTRIAL E COMERCIAL, PEÇAS E ACESSÓRIOS",,Sim
666,00.078.495/0001-71,,AGROSHOP MAQUINAS E IMPLEMENTOS LTDA,Não,,91677: Várzea Grande,MT,2: SOCIEDADE EMPRESÁRIA LIMITADA,2: null,,,"4661300: COMÉRCIO ATACADISTA DE MÁQUINAS, APARELHOS E EQUIPAMENTOS PARA USO AGROPECUÁRIO; PARTES E PEÇAS",,Sim
667,00.078.574/0001-82,,CAPES - COMERCIO E SERVICOS EM BOMBAS E COMPRESSORES LTDA,Sim,,58653: Niterói,RJ,2: SOCIEDADE EMPRESÁRIA LIMITADA,2: null,,,4663000: COMÉRCIO ATACADISTA DE MÁQUINAS E EQUIPAMENTOS PARA USO INDUSTRIAL; PARTES E PEÇAS,,Sim
668,00.078.603/0001-06,,PLANESP ENGENHARIA LTDA,Não,,41238: Belo Horizonte,MG,2: SOCIEDADE EMPRESÁRIA LIMITADA,2: null,,,7112000: SERVIÇOS DE ENGENHARIA,,Sim
671,00.079.057/0001-28,,KRIATIVA EXPOSITORES LTDA,Sim,,90514: Campo Grande,MS,2: SOCIEDADE EMPRESÁRIA LIMITADA,2: null,,,4754701: COMÉRCIO VAREJISTA DE MÓVEIS,,Sim
673,00.079.266/0001-71,,OTICA MENINA DOS OLHOS LTDA,Não,,81051: Florianópolis,SC,2: SOCIEDADE EMPRESÁRIA LIMITADA,2: null,,,4774100: COMÉRCIO VAREJISTA DE ARTIGOS DE ÓPTICA,,Sim
677,00.079.455/0001-44,,AMH ARIAS EMPREENDIMENTOS IMOBILIARIOS LTDA,Não,,88013: Porto Alegre,RS,2: SOCIEDADE EMPRESÁRIA LIMITADA,2: null,,,4110700: INCORPORAÇÃO DE EMPREENDIMENTOS IMOBILIÁRIOS,,Sim
682,00.079.820/0001-10,,INFERENCIA CONSULTORIA ESTATISTICA LTDA,Não,,88013: Porto Alegre,RS,2: SOCIEDADE EMPRESÁRIA LIMITADA,2: null,,,8299799: OUTRAS ATIVIDADES DE SERVIÇOS PRESTADOS PRINCIPALMENTE ÀS EMPRESAS NÃO ESPECIFICADAS ANTERIORMENTE,,Sim
685,00.079.862/0001-51,,ROCHAZARDO COMERCIO E DISTRIBUICAO LTDA,Sim,,88013: Porto Alegre,RS,2: SOCIEDADE EMPRESÁRIA LIMITADA,2: null,,,4647801: COMÉRCIO ATACADISTA DE ARTIGOS DE ESCRITÓRIO E DE PAPELARIA,,Sim
688,00.079.987/0001-81,,TCB TECNOLOGIA EM CODIGO DE BARRAS LTDA,Não,,60011: Rio de Janeiro,RJ,2: SOCIEDADE EMPRESÁRIA LIMITADA,2: null,,,9512600: REPARAÇÃO E MANUTENÇÃO DE EQUIPAMENTOS DE COMUNICAÇÃO,,Sim
691,00.080.120/0001-46,,DELTA HOSPITALAR LTDA,Sim,,93734: Goiânia,GO,2: SOCIEDADE EMPRESÁRIA LIMITADA,2: null,,,"4645101: COMÉRCIO ATACADISTA DE INSTRUMENTOS E MATERIAIS PARA USO MÉDICO, CIRÚRGICO, HOSPITALAR E DE LABORATÓRIOS",,Sim
692,00.080.287/0001-07,,IBEROAMERICANA CONSULTORIA E SERVICOS LTDA,Não,,36854: Lauro de Freitas,BA,2: SOCIEDADE EMPRESÁRIA LIMITADA,2: null,,,8299799: OUTRAS ATIVIDADES DE SERVIÇOS PRESTADOS PRINCIPALMENTE ÀS EMPRESAS NÃO ESPECIFICADAS ANTERIORMENTE,,Sim
693,00.080.327/0001-10,,BRITOCAR COMERCIO DE FERRO E MATERIAIS DE CONSTRUCAO LTDA,Sim,,35971: Itabuna,BA,2: SOCIEDADE EMPRESÁRIA LIMITADA,2: null,,,4744005: COMÉRCIO VAREJISTA DE MATERIAIS DE CONSTRUÇÃO NÃO ESPECIFICADOS ANTERIORMENTE,,Sim
694,00.080.361/0001-95,,URSO COMERCIO E MANUTENCAO DE CARRINHOS MANUAIS LTDA,Sim,,75353: Curitiba,PR,2: SOCIEDADE EMPRESÁRIA LIMITADA,2: null,,,4744001: COMÉRCIO VAREJISTA DE FERRAGENS E FERRAMENTAS,,Sim
699,00.080.671/0001-00,,CARAMURU ALIMENTOS  S/A,Sim,,94250: Itumbiara,GO,47: SOCIEDADE ANÔNIMA ABERTA,2: null,,,"1042200: FABRICAÇÃO DE ÓLEOS VEGETAIS REFINADOS, EXCETO ÓLEO DE MILHO",,Sim
700,00.080.671/0003-71,,CARAMURU ALIMENTOS  S/A,Sim,,96059: São Simão,GO,47: SOCIEDADE ANÔNIMA ABERTA,2: null,,,"1041400: FABRICAÇÃO DE ÓLEOS VEGETAIS EM BRUTO, EXCETO ÓLEO DE MILHO",,Sim
702,00.080.671/0012-62,,CARAMURU ALIMENTOS  S/A,Sim,,74250: Apucarana,PR,47: SOCIEDADE ANÔNIMA ABERTA,2: null,,,"1064300: FABRICAÇÃO DE FARINHA DE MILHO E DERIVADOS, EXCETO ÓLEOS DE MILHO",,Sim
704,00.080.671/0021-53,,CARAMURU ALIMENTOS  S/A,Sim,,93971: Ipameri,GO,47: SOCIEDADE ANÔNIMA ABERTA,2: null,,,"1041400: FABRICAÇÃO DE ÓLEOS VEGETAIS EM BRUTO, EXCETO ÓLEO DE MILHO",,Sim
705,00.080.671/0026-68,,CARAMURU ALIMENTOS  S/A,Sim,,99074: Sorriso,MT,47: SOCIEDADE ANÔNIMA ABERTA,2: null,,,"1041400: FABRICAÇÃO DE ÓLEOS VEGETAIS EM BRUTO, EXCETO ÓLEO DE MILHO",,Sim
706,00.080.671/0027-49,,CARAMURU ALIMENTOS  S/A,Sim,,91936: Canarana,MT,47: SOCIEDADE ANÔNIMA ABERTA,2: null,,,4622200: COMÉRCIO ATACADISTA DE SOJA,,Sim
707,00.080.671/0029-00,,CARAMURU ALIMENTOS  S/A,Sim,,973: Querência,MT,47: SOCIEDADE ANÔNIMA ABERTA,2: null,,,4622200: COMÉRCIO ATACADISTA DE SOJA,,Sim
708,00.080.671/0031-25,,CARAMURU ALIMENTOS  S/A,Sim,,91910: Água Boa,MT,47: SOCIEDADE ANÔNIMA ABERTA,2: null,,,4622200: COMÉRCIO ATACADISTA DE SOJA,,Sim
709,00.081.160/0001-02,,LUPPA ADMINISTRADORA DE SERVICOS LTDA,Sim,,90670: Cuiabá,MT,2: SOCIEDADE EMPRESÁRIA LIMITADA,2: null,,,"6209100: SUPORTE TÉCNICO, MANUTENÇÃO E OUTROS SERVIÇOS EM TECNOLOGIA DA INFORMAÇÃO",,Sim
712,00.081.336/0001-26,,ALIENCO ENGENHARIA E COMERCIO LTDA,Não,,48950: Nova Lima,MG,2: SOCIEDADE EMPRESÁRIA LIMITADA,2: null,,,4120400: CONSTRUÇÃO DE EDIFÍCIOS,,Sim
713,00.081.358/0001-96,,ACRILZANO ARTEFATOS DE ACRILICO LTDA,Sim,,60011: Rio de Janeiro,RJ,2: SOCIEDADE EMPRESÁRIA LIMITADA,2: null,,,2229399: FABRICAÇÃO DE ARTEFATOS DE MATERIAL PLÁSTICO PARA OUTROS USOS NÃO ESPECIFICADOS ANTERIORMENTE,,Sim
715,00.081.528/0001-32,,HELVETICA COMERCIO DE MATERIAIS GRAFICOS LTDA,Não,,88013: Porto Alegre,RS,2: SOCIEDADE EMPRESÁRIA LIMITADA,2: null,,,4665600: COMÉRCIO ATACADISTA DE MÁQUINAS E EQUIPAMENTOS PARA USO COMERCIAL; PARTES E PEÇAS,,Sim
716,00.081.553/0001-16,,DEIRO ENGENHARIA LTDA,Sim,,88153: Rio Grande,RS,2: SOCIEDADE EMPRESÁRIA LIMITADA,2: null,,,4399103: OBRAS DE ALVENARIA,,Sim
718,00.081.906/0001-88,,INSTITUTO SOCIOAMBIENTAL,Sim,,71072: São Paulo,SP,23: ASSOCIAÇÃO PRIVADA,2: null,,,9430800: ATIVIDADES DE ASSOCIAÇÕES DE DEFESA DE DIREITOS SOCIAIS,,Sim
719,00.081.933/0001-50,,VETOR ASSESSORIA E PESQUISA DE MERCADO E DE OPINIAO PUBLICA LTDA,Sim,,90670: Cuiabá,MT,2: SOCIEDADE EMPRESÁRIA LIMITADA,2: null,,,7320300: PESQUISAS DE MERCADO E DE OPINIÃO PÚBLICA,,Sim
720,00.081.971/0001-03,,MARCI COMERCIO DE PRODUTOS MANUFATURADOS LTDA,Não,,75353: Curitiba,PR,2: SOCIEDADE EMPRESÁRIA LIMITADA,2: null,,,"4771701: COMÉRCIO VAREJISTA DE PRODUTOS FARMACÊUTICOS, SEM MANIPULAÇÃO DE FÓRMULAS",,Sim
721,00.082.024/0001-37,,COMPANHIA DE SANEAMENTO AMBIENTAL DO DISTRITO FEDERAL,Sim,,97012: BRASÍLIA,DF,9: SOCIEDADE DE ECONOMIA MISTA,2: null,,,"3600601: CAPTAÇÃO, TRATAMENTO E DISTRIBUIÇÃO DE ÁGUA",,Sim
731,00.082.647/0001-00,,BLUMEN INDUSTRIA DE EMBALAGENS LTDA,Sim,,80772: Catanduvas,SC,2: SOCIEDADE EMPRESÁRIA LIMITADA,2: null,,,1731100: FABRICAÇÃO DE EMBALAGENS DE PAPEL,,Sim
732,00.082.648/0001-54,,BAN CAR DE IGUACU VEICULOS LTDA,Sim,,58696: Nova Iguaçu,RJ,2: SOCIEDADE EMPRESÁRIA LIMITADA,2: null,,,7711000: LOCAÇÃO DE AUTOMÓVEIS SEM CONDUTOR,,Sim
733,00.082.725/0001-76,,LEAO ENGENHARIA E ASSESSORIA TECNICA LTDA,Sim,,93734: Goiânia,GO,2: SOCIEDADE EMPRESÁRIA LIMITADA,2: null,,,7112000: SERVIÇOS DE ENGENHARIA,,Sim
735,00.082.824/0001-58,,PROT SERVIS INDUSTRIA COM E PRESTACAO DE SERVICOS LTDA,Sim,,13897: Fortaleza,CE,2: SOCIEDADE EMPRESÁRIA LIMITADA,2: null,,,"1413401: CONFECÇÃO DE ROUPAS PROFISSIONAIS, EXCETO SOB MEDIDA",,Sim
738,00.083.042/0001-33,,PAULO COMERCIO E PAPELARIA LTDA,Sim,,31054: Aracaju,SE,2: SOCIEDADE EMPRESÁRIA LIMITADA,2: null,,,4761001: COMÉRCIO VAREJISTA DE LIVROS,,Sim
740,00.083.140/0001-70,,"VISAO E PERFIL - ASSESSORIA, EVENTOS E SERVICOS LTDA",Sim,,8915: Rosário,MA,2: SOCIEDADE EMPRESÁRIA LIMITADA,2: null,,,5620102: SERVIÇOS DE ALIMENTAÇÃO PARA EVENTOS E RECEPÇÕES - BUFÊ,,Sim
741,00.083.159/0001-17,,CEC ENGENHARIA E CONSULTORIA LTDA,Não,,13897: Fortaleza,CE,2: SOCIEDADE EMPRESÁRIA LIMITADA,2: null,,,7112000: SERVIÇOS DE ENGENHARIA,,Sim
742,00.083.225/0001-59,,CONSTRUTORA MONTE SINAI LTDA,Não,,8079: Itapecuru Mirim,MA,2: SOCIEDADE EMPRESÁRIA LIMITADA,2: null,,,4120400: CONSTRUÇÃO DE EDIFÍCIOS,,Sim
743,00.083.227/0001-48,,CEQNEP CENTRAL MANIP QUIMIOT NUTRICAO ENT E PARENT LTDA,Sim,,75353: Curitiba,PR,2: SOCIEDADE EMPRESÁRIA LIMITADA,2: null,,,"4771702: COMÉRCIO VAREJISTA DE PRODUTOS FARMACÊUTICOS, COM MANIPULAÇÃO DE FÓRMULAS",,Sim
744,00.083.334/0001-76,,"ACTIONLASER ENGENHARIA, CONSULTORIA E INFORMATICA LTDA",Sim,,93734: Goiânia,GO,2: SOCIEDADE EMPRESÁRIA LIMITADA,2: null,,,7112000: SERVIÇOS DE ENGENHARIA,,Sim
747,00.083.641/0001-57,,MASSA FALIDA  DA IMEX CENTER FARMA LTDA,Não,,41238: Belo Horizonte,MG,2: SOCIEDADE EMPRESÁRIA LIMITADA,2: null,,,4644301: COMÉRCIO ATACADISTA DE MEDICAMENTOS E DROGAS DE USO HUMANO,,Sim
749,00.083.876/0001-49,,CONTROLTEC MANUTENCAO DE EQUIPAMENTOS ELETRONICOS LTDA,Sim,,60011: Rio de Janeiro,RJ,19: SOCIEDADE SIMPLES LIMITADA,2: null,,,9521500: REPARAÇÃO E MANUTENÇÃO DE EQUIPAMENTOS ELETROELETRÔNICOS DE USO PESSOAL E DOMÉSTICO,,Sim
752,00.084.239/0001-97,,"MAGNA ENGENHARIA, ARQUITETURA E GERENCIAMENTO - SOCIEDADE SIMPLES",Sim,,41238: Belo Horizonte,MG,18: SOCIEDADE SIMPLES PURA,2: null,,,7112000: SERVIÇOS DE ENGENHARIA,,Sim
756,00.084.551/0001-80,,ANTONIO JOSE CARDOSO REFRIGERACAO,Não,,60011: Rio de Janeiro,RJ,1: EMPRESÁRIO (INDIVIDUAL),2: null,,,9521500: REPARAÇÃO E MANUTENÇÃO DE EQUIPAMENTOS ELETROELETRÔNICOS DE USO PESSOAL E DOMÉSTICO,,Sim
757,00.084.700/0001-01,,PAR CONSULT INFORMATICA LTDA,Sim,,60011: Rio de Janeiro,RJ,19: SOCIEDADE SIMPLES LIMITADA,2: null,,,8599604: TREINAMENTO EM DESENVOLVIMENTO PROFISSIONAL E GERENCIAL,,Sim
759,00.084.760/0001-24,,DENK ENGENHARIA LTDA,Não,,54534: Pinhais,PR,2: SOCIEDADE EMPRESÁRIA LIMITADA,2: null,,,4321500: INSTALAÇÃO E MANUTENÇÃO ELÉTRICA,,Sim
763,00.084.931/0001-15,,LUROBE COMERCIAL LTDA,Não,,38490: Salvador,BA,2: SOCIEDADE EMPRESÁRIA LIMITADA,2: null,,,4761003: COMÉRCIO VAREJISTA DE ARTIGOS DE PAPELARIA,,Sim
768,00.085.446/0001-66,,FABIANO COMERCIO ATACADISTA DE FERRAMENTAS E MATERIAIS DE CONSTRUCAO LTDA,Sim,,97330: Palmas,TO,2: SOCIEDADE EMPRESÁRIA LIMITADA,2: null,,,4679699: COMÉRCIO ATACADISTA DE MATERIAIS DE CONSTRUÇÃO EM GERAL,,Sim
770,00.085.801/0001-05,,CURTY LUXO DECORACOES LTDA,Sim,,60011: Rio de Janeiro,RJ,2: SOCIEDADE EMPRESÁRIA LIMITADA,2: null,,,4759899: COMÉRCIO VAREJISTA DE OUTROS ARTIGOS DE USO PESSOAL E DOMÉSTICO NÃO ESPECIFICADOS ANTERIORMENTE,,Sim
771,00.085.822/0001-12,,ESPECIFARMA COM DE MEDICAMENTOS E PRO HOSPITALARES LTDA,Sim,,60011: Rio de Janeiro,RJ,2: SOCIEDADE EMPRESÁRIA LIMITADA,2: null,,,4644301: COMÉRCIO ATACADISTA DE MEDICAMENTOS E DROGAS DE USO HUMANO,,Sim
772,00.085.833/0001-00,,CONTEC BARRA CONSTRUCOES LTDA,Sim,,60011: Rio de Janeiro,RJ,2: SOCIEDADE EMPRESÁRIA LIMITADA,2: null,,,4299599: OUTRAS OBRAS DE ENGENHARIA CIVIL NÃO ESPECIFICADAS ANTERIORMENTE,,Sim
773,00.085.885/0001-79,,ACTAR CONNECTIVITY ENGENHARIA DE TELECOMUNICACOES LTDA,Sim,,48950: Nova Lima,MG,2: SOCIEDADE EMPRESÁRIA LIMITADA,2: null,,,4789099: COMÉRCIO VAREJISTA DE OUTROS PRODUTOS NÃO ESPECIFICADOS ANTERIORMENTE,,Sim
775,00.086.037/0001-84,,FRANCISCO O BRITO,Não,,13897: Fortaleza,CE,1: EMPRESÁRIO (INDIVIDUAL),2: null,,,3101200: FABRICAÇÃO DE MÓVEIS COM PREDOMINÂNCIA DE MADEIRA,,Sim
776,00.086.165/0001-28,,CONSTRUTORA ARTEC S/A - EM RECUPERACAO JUDICIAL,Sim,,97012: BRASÍLIA,DF,48: SOCIEDADE ANÔNIMA FECHADA,2: null,,,"4222701: CONSTRUÇÃO DE REDES DE ABASTECIMENTO DE ÁGUA, COLETA DE ESGOTO E CONSTRUÇÕES CORRELATAS, EXCETO OBRAS DE IRRIGAÇÃO",,Sim
777,00.086.231/0001-60,,ROTAL HOSPITALAR LTDA,Sim,,92274: Aparecida de Goiânia,GO,2: SOCIEDADE EMPRESÁRIA LIMITADA,2: null,,,"3250702: FABRICAÇÃO DE MOBILIÁRIO PARA USO MÉDICO, CIRÚRGICO, ODONTOLÓGICO E DE LABORATÓRIO",,Sim
779,00.086.277/0001-89,,FORTE FEIJO ENGENHARIA LTDA,Sim,,15156: Pentecoste,CE,2: SOCIEDADE EMPRESÁRIA LIMITADA,2: null,,,4120400: CONSTRUÇÃO DE EDIFÍCIOS,,Sim
782,00.086.558/0001-31,,SUPRITEC ENGENHARIA LTDA,Sim,,88412: Santa Maria,RS,2: SOCIEDADE EMPRESÁRIA LIMITADA,2: null,,,4330499: OUTRAS OBRAS DE ACABAMENTO DA CONSTRUÇÃO,,Sim
784,00.086.616/0001-27,,UTN UNIDADE DE TRATAMENTO NEFROLOGICO E SERVICOS LTDA,Sim,,60011: Rio de Janeiro,RJ,2: SOCIEDADE EMPRESÁRIA LIMITADA,2: null,,,8640203: SERVIÇOS DE DIÁLISE E NEFROLOGIA,,Sim
785,00.086.638/0002-78,,CAMARGO FALEIRO & CIA LTDA,Não,,76678: Londrina,PR,2: SOCIEDADE EMPRESÁRIA LIMITADA,2: null,,,4754701: COMÉRCIO VAREJISTA DE MÓVEIS,,Sim
790,00.086.869/0001-09,,SAKER COMERCIO E INDUSTRIA LTDA,Não,,58777: Petrópolis,RJ,2: SOCIEDADE EMPRESÁRIA LIMITADA,2: null,,,2441502: PRODUÇÃO DE LAMINADOS DE ALUMÍNIO,,Sim
792,00.087.038/0001-43,,SIMETRICA ENGENHARIA DE OBRAS LTDA,Não,,75353: Curitiba,PR,2: SOCIEDADE EMPRESÁRIA LIMITADA,2: null,,,4120400: CONSTRUÇÃO DE EDIFÍCIOS,,Sim
795,00.087.163/0001-53,,APECE SERVICOS GERAIS LTDA,Sim,,97012: BRASÍLIA,DF,2: SOCIEDADE EMPRESÁRIA LIMITADA,2: null,,,7830200: FORNECIMENTO E GESTÃO DE RECURSOS HUMANOS PARA TERCEIROS,,Sim
798,00.087.289/0001-28,,COMERCIAL DE TINTAS J A BONFIM LTDA,Sim,,74250: Apucarana,PR,2: SOCIEDADE EMPRESÁRIA LIMITADA,2: null,,,4741500: COMÉRCIO VAREJISTA DE TINTAS E MATERIAIS PARA PINTURA,,Sim
800,00.087.391/0001-23,,ALVES E FEITOSA ELETRICA LTDA,Sim,,97330: Palmas,TO,2: SOCIEDADE EMPRESÁRIA LIMITADA,2: null,,,4321500: INSTALAÇÃO E MANUTENÇÃO ELÉTRICA,,Sim
801,00.087.459/0001-74,,VALDECI VALDIR BRUCH,Sim,,83275: São José,SC,1: EMPRESÁRIO (INDIVIDUAL),2: null,,,4639701: COMÉRCIO ATACADISTA DE PRODUTOS ALIMENTÍCIOS EM GERAL,,Sim
803,00.087.479/0001-45,,EFETIVA INFORMATICA LTDA,Sim,,82910: Rio do Sul,SC,2: SOCIEDADE EMPRESÁRIA LIMITADA,2: null,,,4751201: COMÉRCIO VAREJISTA ESPECIALIZADO DE EQUIPAMENTOS E SUPRIMENTOS DE INFORMÁTICA,,Sim
804,00.087.500/0001-02,,LARTEX PRODUTOS HIGIENICOS LTDA,Não,,60011: Rio de Janeiro,RJ,2: SOCIEDADE EMPRESÁRIA LIMITADA,2: null,,,4789099: COMÉRCIO VAREJISTA DE OUTROS PRODUTOS NÃO ESPECIFICADOS ANTERIORMENTE,,Sim
805,00.087.608/0001-03,,SONAR UNIDADE AVANCADA DE DIAGNOSTICO POR IMAGEM LTDA,Sim,,90670: Cuiabá,MT,2: SOCIEDADE EMPRESÁRIA LIMITADA,2: null,,,8630502: ATIVIDADE MÉDICA AMBULATORIAL COM RECURSOS PARA REALIZAÇÃO DE EXAMES COMPLEMENTARES,,Sim
808,00.087.804/0001-70,,AUTO POSTO TALISMA LTDA,Sim,,81051: Florianópolis,SC,2: SOCIEDADE EMPRESÁRIA LIMITADA,2: null,,,4731800: COMÉRCIO VAREJISTA DE COMBUSTÍVEIS PARA VEÍCULOS AUTOMOTORES,,Sim
809,00.087.877/0001-61,,DIOTEC COMERCIO E MANUTENCAO INDUSTRIAL E HOSPITALAR LTDA,Sim,,13897: Fortaleza,CE,2: SOCIEDADE EMPRESÁRIA LIMITADA,2: null,,,2660400: FABRICAÇÃO DE APARELHOS ELETROMÉDICOS E ELETROTERAPÊUTICOS E EQUIPAMENTOS DE IRRADIAÇÃO,,Sim
810,00.087.894/0001-07,,ENGEXIMIA INDUSTRIA E COMERCIO DE CONSTRUCOES LTDA,Não,,13897: Fortaleza,CE,2: SOCIEDADE EMPRESÁRIA LIMITADA,2: null,,,4120400: CONSTRUÇÃO DE EDIFÍCIOS,,Sim
814,00.088.317/0001-21,,VICTORIA COMERCIO DE PRODUTOS HOSPITALARES LTDA,Sim,,88013: Porto Alegre,RS,2: SOCIEDADE EMPRESÁRIA LIMITADA,2: null,,,4644301: COMÉRCIO ATACADISTA DE MEDICAMENTOS E DROGAS DE USO HUMANO,,Sim
817,00.088.648/0001-61,,ITAPEVA COMERCIAL AGRICOLA LTDA,Sim,,87734: Osório,RS,2: SOCIEDADE EMPRESÁRIA LIMITADA,2: null,,,4789099: COMÉRCIO VAREJISTA DE OUTROS PRODUTOS NÃO ESPECIFICADOS ANTERIORMENTE,,Sim
818,00.088.664/0001-54,,D Z L DISTRIBUIDORA ZANATA LTDA,Sim,,88013: Porto Alegre,RS,2: SOCIEDADE EMPRESÁRIA LIMITADA,2: null,,,"4649408: COMÉRCIO ATACADISTA DE PRODUTOS DE HIGIENE, LIMPEZA E CONSERVAÇÃO DOMICILIAR",,Sim
821,00.088.870/0001-64,,WIND-WORLD COMERCIO EXPORTACAO E IMPORTACAO LTDA,Não,,60011: Rio de Janeiro,RJ,2: SOCIEDADE EMPRESÁRIA LIMITADA,2: null,,,"4693100: COMÉRCIO ATACADISTA DE MERCADORIAS EM GERAL, SEM PREDOMINÂNCIA DE ALIMENTOS OU DE INSUMOS AGROPECUÁRIOS",,Sim
827,00.089.746/0002-02,,ARAUJO PETROLEO LTDA,Sim,,14478: Juazeiro do Norte,CE,2: SOCIEDADE EMPRESÁRIA LIMITADA,2: null,,,4731800: COMÉRCIO VAREJISTA DE COMBUSTÍVEIS PARA VEÍCULOS AUTOMOTORES,,Sim
828,00.089.834/0001-15,,FAIXA AZUL AGROINDUSTRIAL LTDA,Não,,81230: Guabiruba,SC,2: SOCIEDADE EMPRESÁRIA LIMITADA,2: null,,,4623109: COMÉRCIO ATACADISTA DE ALIMENTOS PARA ANIMAIS,,Sim
829,00.089.877/0001-09,,TECLOGICA SERVICOS EM INFORMATICA LTDA,Sim,,80470: Blumenau,SC,2: SOCIEDADE EMPRESÁRIA LIMITADA,2: null,,,6201501: DESENVOLVIMENTO DE PROGRAMAS DE COMPUTADOR SOB ENCOMENDA,,Sim
830,,***.899.000-**,MARCELO SOARES MEIRELES,Sim,,88498: Santa Vitória do Palmar,RS,,1: MICROEMPRESA,,,,,Sim
831,00.089.906/0001-24,,ONCOCENTRO - INSTITUTO DE CIRURGIA E CANCEROLOGIA LTDA,Sim,,75353: Curitiba,PR,2: SOCIEDADE EMPRESÁRIA LIMITADA,2: null,,,8640210: SERVIÇOS DE QUIMIOTERAPIA,,Sim
832,00.090.021/0001-45,,SISTEMA AVANCADO DE SEGURANCA ELETRONICA LTDA,Sim,,31054: Aracaju,SE,2: SOCIEDADE EMPRESÁRIA LIMITADA,2: null,,,8011101: ATIVIDADES DE VIGILÂNCIA E SEGURANÇA PRIVADA,,Sim
837,,***.902.925-**,ADRIANA CRISTINA FONTES DOS SANTOS,Sim,,31054: Aracaju,SE,,1: MICROEMPRESA,,,,,Sim
838,00.090.319/0001-55,,SAFRA DISTRIBUIDORA DE PETROLEO LTDA,Não,,36617: Jequié,BA,2: SOCIEDADE EMPRESÁRIA LIMITADA,2: null,,,"4681801: COMÉRCIO ATACADISTA DE ÁLCOOL CARBURANTE, BIODIESEL, GASOLINA E DEMAIS DERIVADOS DE PETRÓLEO, EXCETO LUBRIFICANTES, NÃO REALIZADO POR TRANSPORTADOR RETALHISTA (TRR)",,Sim
839,00.090.322/0001-79,,RIBEIRO MENDES ENGENHARIA LTDA,Sim,,35157: Feira de Santana,BA,2: SOCIEDADE EMPRESÁRIA LIMITADA,2: null,,,4330401: IMPERMEABILIZAÇÃO EM OBRAS DE ENGENHARIA CIVIL,,Sim
840,00.090.337/0001-37,,CONSTRUCOSTA MATERIAIS DE CONSTRUCAO LTDA,Não,,92215: Anápolis,GO,2: SOCIEDADE EMPRESÁRIA LIMITADA,2: null,,,4744099: COMÉRCIO VAREJISTA DE MATERIAIS DE CONSTRUÇÃO EM GERAL,,Sim
844,00.090.848/0001-59,,POWERTEC COMERCIO E ASSISTENCIA TECNICA LTDA,Sim,,90670: Cuiabá,MT,2: SOCIEDADE EMPRESÁRIA LIMITADA,2: null,,,9521500: REPARAÇÃO E MANUTENÇÃO DE EQUIPAMENTOS ELETROELETRÔNICOS DE USO PESSOAL E DOMÉSTICO,,Sim
845,00.090.943/0001-52,,JBC COMERCIO DE PECAS PARA REFRIGERACAO LTDA,Sim,,13897: Fortaleza,CE,2: SOCIEDADE EMPRESÁRIA LIMITADA,2: null,,,4665600: COMÉRCIO ATACADISTA DE MÁQUINAS E EQUIPAMENTOS PARA USO COMERCIAL; PARTES E PEÇAS,,Sim
847,00.091.051/0001-76,,V.MORETTI ASSESSORIA IMOBILIARIA LTDA,Sim,,74934: Cascavel,PR,2: SOCIEDADE EMPRESÁRIA LIMITADA,2: null,,,6810201: COMPRA E VENDA DE IMÓVEIS PRÓPRIOS,,Sim
848,00.091.382/0001-06,,OPCAO JCA - TURISMO E FRETAMENTO LTDA,Sim,,58653: Niterói,RJ,2: SOCIEDADE EMPRESÁRIA LIMITADA,2: null,,,"4929902: TRANSPORTE RODOVIÁRIO COLETIVO DE PASSAGEIROS, SOB REGIME DE FRETAMENTO, INTERMUNICIPAL, INTERESTADUAL E INTERNACIONAL",,Sim
851,00.091.584/0001-58,,LANLIMP DESCARTAVEIS E LIMPEZA LTDA,Sim,,58076: Barra Mansa,RJ,2: SOCIEDADE EMPRESÁRIA LIMITADA,2: null,,,4789005: COMÉRCIO VAREJISTA DE PRODUTOS SANEANTES DOMISSANITÁRIOS,,Sim
852,00.091.584/0004-09,,LANLIMP DESCARTAVEIS E LIMPEZA LTDA,Sim,,29114: Queimados,RJ,2: SOCIEDADE EMPRESÁRIA LIMITADA,2: null,,,4789005: COMÉRCIO VAREJISTA DE PRODUTOS SANEANTES DOMISSANITÁRIOS,,Sim
853,00.091.642/0001-43,,"BRASCON - SINALIZACAO ,CONSERVA E CONSTRUCOES LTDA",Não,,41238: Belo Horizonte,MG,2: SOCIEDADE EMPRESÁRIA LIMITADA,2: null,,,4211102: PINTURA PARA SINALIZAÇÃO EM PISTAS RODOVIÁRIAS E AEROPORTOS,,Sim
855,00.091.845/0001-30,,DICKEL & DICKEL LTDA,Sim,,33634: Barreiras,BA,2: SOCIEDADE EMPRESÁRIA LIMITADA,2: null,,,4530703: COMÉRCIO A VAREJO DE PEÇAS E ACESSÓRIOS NOVOS PARA VEÍCULOS AUTOMOTORES,,Sim
862,,***.922.334-**,PAULA FRASSINETE MOREIRA ABRANTES DE BRITO,Sim,,20516: João Pessoa,PB,,1: MICROEMPRESA,,,,,Sim
865,00.092.313/0001-17,,VETOR SERVICOS LTDA,Sim,,72257: Valinhos,SP,2: SOCIEDADE EMPRESÁRIA LIMITADA,2: null,,,8299799: OUTRAS ATIVIDADES DE SERVIÇOS PRESTADOS PRINCIPALMENTE ÀS EMPRESAS NÃO ESPECIFICADAS ANTERIORMENTE,,Sim
868,00.092.369/0001-71,,NETCENTER INFORMATICA LTDA,Sim,,60011: Rio de Janeiro,RJ,2: SOCIEDADE EMPRESÁRIA LIMITADA,2: null,,,6204000: CONSULTORIA EM TECNOLOGIA DA INFORMAÇÃO,,Sim
870,00.092.547/0001-64,,RIO CENTER NEGOCIOS E PARTICIPACOES LTDA,Não,,60011: Rio de Janeiro,RJ,2: SOCIEDADE EMPRESÁRIA LIMITADA,2: null,,,4761003: COMÉRCIO VAREJISTA DE ARTIGOS DE PAPELARIA,,Sim
871,00.092.638/0001-08,,CCP-EXPORTEC PRODUTOS LTDA.,Não,,71072: São Paulo,SP,2: SOCIEDADE EMPRESÁRIA LIMITADA,2: null,,,"4693100: COMÉRCIO ATACADISTA DE MERCADORIAS EM GERAL, SEM PREDOMINÂNCIA DE ALIMENTOS OU DE INSUMOS AGROPECUÁRIOS",,Sim
874,00.092.929/0001-98,,PRONEP LAR INTERNACAO DOMICILIAR S.A,Sim,,60011: Rio de Janeiro,RJ,48: SOCIEDADE ANÔNIMA FECHADA,2: null,,,8712300: ATIVIDADES DE FORNECIMENTO DE INFRA-ESTRUTURA DE APOIO E ASSISTÊNCIA A PACIENTE NO DOMICÍLIO,,Sim
876,00.093.193/0001-72,,CORPORE ACADEMIA LTDA,Sim,,85413: Bento Gonçalves,RS,2: SOCIEDADE EMPRESÁRIA LIMITADA,2: null,,,9313100: ATIVIDADES DE CONDICIONAMENTO FÍSICO,,Sim
877,00.093.197/0001-50,,DELLA PASQUA ENGENHARIA E CONSTRUCOES LTDA,Sim,,88412: Santa Maria,RS,2: SOCIEDADE EMPRESÁRIA LIMITADA,2: null,,,4211101: CONSTRUÇÃO DE RODOVIAS E FERROVIAS,,Sim
878,,***.932.193-**,FRANCISCO DENISMAR TEIXEIRA BRITO,Sim,,13056: Acopiara,CE,,1: MICROEMPRESA,,,,,Sim
884,00.093.721/0001-93,,"PROTEGE SEGURANCA ELETRONICA, MONITORAMENTO E SERVICOS LTDA",Não,,71072: São Paulo,SP,2: SOCIEDADE EMPRESÁRIA LIMITADA,2: null,,,8020001: ATIVIDADES DE MONITORAMENTO DE SISTEMAS DE SEGURANÇA ELETRÔNICO,,Sim
885,00.093.731/0001-29,,"BRASIL COMERCIO, SERVICOS & REFORMADORA LTDA",Não,,93734: Goiânia,GO,2: SOCIEDADE EMPRESÁRIA LIMITADA,2: null,,,3292202: FABRICAÇÃO DE EQUIPAMENTOS E ACESSÓRIOS PARA SEGURANÇA PESSOAL E PROFISSIONAL,,Sim
887,00.093.791/0001-41,,AIR-SEL AR CONDICIONADO LTDA,Sim,,71072: São Paulo,SP,2: SOCIEDADE EMPRESÁRIA LIMITADA,2: null,,,"4322302: INSTALAÇÃO E MANUTENÇÃO DE SISTEMAS CENTRAIS DE AR CONDICIONADO, DE VENTILAÇÃO E REFRIGERAÇÃO",,Sim
888,00.093.866/0001-94,,PANIFICADORA BURITI LTDA,Sim,,91510: Rondonópolis,MT,2: SOCIEDADE EMPRESÁRIA LIMITADA,2: null,,,1091101: FABRICAÇÃO DE PRODUTOS DE PANIFICAÇÃO INDUSTRIAL,,Sim
893,00.094.260/0001-73,,MBA NETWORKS INFORMATICA LTDA,Sim,,60011: Rio de Janeiro,RJ,2: SOCIEDADE EMPRESÁRIA LIMITADA,2: null,,,9511800: REPARAÇÃO E MANUTENÇÃO DE COMPUTADORES E DE EQUIPAMENTOS PERIFÉRICOS,,Sim
894,00.094.339/0001-02,,MARSELL CONFECCOES LTDA,Sim,,85413: Bento Gonçalves,RS,2: SOCIEDADE EMPRESÁRIA LIMITADA,2: null,,,"1413401: CONFECÇÃO DE ROUPAS PROFISSIONAIS, EXCETO SOB MEDIDA",,Sim
897,00.095.068/0001-00,,OPENNET TELEINFORMATICA & SISTEMAS LTDA,Sim,,60011: Rio de Janeiro,RJ,2: SOCIEDADE EMPRESÁRIA LIMITADA,2: null,,,4751201: COMÉRCIO VAREJISTA ESPECIALIZADO DE EQUIPAMENTOS E SUPRIMENTOS DE INFORMÁTICA,,Sim
900,,***.952.735-**,OTAVIO OLIVEIRA DE CARVALHO,Não,,38490: Salvador,BA,,1: MICROEMPRESA,,,,,Sim
901,00.095.394/0001-09,,DAVITA SERVICOS DE NEFROLOGIA NITEROI LTDA.,Não,,58653: Niterói,RJ,2: SOCIEDADE EMPRESÁRIA LIMITADA,2: null,,,8640299: ATIVIDADES DE SERVIÇOS DE COMPLEMENTAÇÃO DIAGNÓSTICA E TERAPÊUTICA NÃO ESPECIFICADAS ANTERIORMENTE,,Sim
906,00.095.649/0001-33,,RETALHOS E DETALHES LTDA,Sim,,93610: Formosa,GO,2: SOCIEDADE EMPRESÁRIA LIMITADA,2: null,,,4755501: COMÉRCIO VAREJISTA DE TECIDOS,,Sim
907,00.095.675/0001-61,,E P O - ENGENHARIA E CONSTRUCOES LTDA,Sim,,93734: Goiânia,GO,2: SOCIEDADE EMPRESÁRIA LIMITADA,2: null,,,4120400: CONSTRUÇÃO DE EDIFÍCIOS,,Sim
913,00.096.025/0001-30,,CSJ - EMPREENDIMENTOS E SERVICOS LTDA,Sim,,36854: Lauro de Freitas,BA,2: SOCIEDADE EMPRESÁRIA LIMITADA,2: null,,,"7732201: ALUGUEL DE MÁQUINAS E EQUIPAMENTOS PARA CONSTRUÇÃO SEM OPERADOR, EXCETO ANDAIMES",,Sim
919,00.096.631/0001-56,,SANJUAN ENGENHARIA LTDA.,Sim,,38490: Salvador,BA,2: SOCIEDADE EMPRESÁRIA LIMITADA,2: null,,,"4213800: OBRAS DE URBANIZAÇÃO - RUAS, PRAÇAS E CALÇADAS",,Sim
921,00.096.764/0001-22,,RUSSAS EMPREITEIRA DE MAO DE OBRA LTDA,Sim,,75353: Curitiba,PR,2: SOCIEDADE EMPRESÁRIA LIMITADA,2: null,,,4120400: CONSTRUÇÃO DE EDIFÍCIOS,,Sim
925,00.097.117/0001-35,,OPEMACS SERVICOS TECNICOS LTDA,Sim,,14532: Limoeiro do Norte,CE,2: SOCIEDADE EMPRESÁRIA LIMITADA,2: null,,,4222702: OBRAS DE IRRIGAÇÃO,,Sim
927,00.097.225/0001-08,,KYOCERA SOLAR DO BRASIL LTDA,Sim,,60011: Rio de Janeiro,RJ,2: SOCIEDADE EMPRESÁRIA LIMITADA,2: null,,,"4693100: COMÉRCIO ATACADISTA DE MERCADORIAS EM GERAL, SEM PREDOMINÂNCIA DE ALIMENTOS OU DE INSUMOS AGROPECUÁRIOS",,Sim
930,00.097.446/0001-86,,BIO ENGENHARIA E INDUSTRIA DE IMPLANTES ORTOPEDICOS LTDA.,Sim,,88773: São Leopoldo,RS,2: SOCIEDADE EMPRESÁRIA LIMITADA,2: null,,,3250703: FABRICAÇÃO DE APARELHOS E UTENSÍLIOS PARA CORREÇÃO DE DEFEITOS FÍSICOS E APARELHOS ORTOPÉDICOS EM GERAL SOB ENCOMENDA,,Sim
933,00.097.489/0001-61,,L A VIDAL IMPORTACAO E EXPORTACAO LTDA.,Sim,,92215: Anápolis,GO,2: SOCIEDADE EMPRESÁRIA LIMITADA,2: null,,,4644301: COMÉRCIO ATACADISTA DE MEDICAMENTOS E DROGAS DE USO HUMANO,,Sim
935,00.097.610/0001-55,,MARISTELA FONTOURA DA SILVEIRA,Sim,,88510: Santiago,RS,1: EMPRESÁRIO (INDIVIDUAL),2: null,,,4741500: COMÉRCIO VAREJISTA DE TINTAS E MATERIAIS PARA PINTURA,,Sim
936,00.097.626/0001-68,,BRASAL COMBUSTIVEIS LTDA,Sim,,97012: BRASÍLIA,DF,2: SOCIEDADE EMPRESÁRIA LIMITADA,2: null,,,4731800: COMÉRCIO VAREJISTA DE COMBUSTÍVEIS PARA VEÍCULOS AUTOMOTORES,,Sim
938,00.097.953/0001-10,,FARIA & SOARES LTDA,Sim,,41238: Belo Horizonte,MG,2: SOCIEDADE EMPRESÁRIA LIMITADA,2: null,,,9521500: REPARAÇÃO E MANUTENÇÃO DE EQUIPAMENTOS ELETROELETRÔNICOS DE USO PESSOAL E DOMÉSTICO,,Sim
939,00.097.993/0001-61,,SOL & EVENTOS PROMOCOES E CONGRESSOS LTDA,Sim,,60011: Rio de Janeiro,RJ,19: SOCIEDADE SIMPLES LIMITADA,2: null,,,"7739003: ALUGUEL DE PALCOS, COBERTURAS E OUTRAS ESTRUTURAS DE USO TEMPORÁRIO, EXCETO ANDAIMES",,Sim
942,00.098.242/0001-60,,PRONTOFAR LTDA,Sim,,41238: Belo Horizonte,MG,2: SOCIEDADE EMPRESÁRIA LIMITADA,2: null,,,4644301: COMÉRCIO ATACADISTA DE MEDICAMENTOS E DROGAS DE USO HUMANO,,Sim
944,00.098.706/0001-38,,SARA - SERVICO DE APOIO AO RENAL AGUDO LTDA,Sim,,13897: Fortaleza,CE,2: SOCIEDADE EMPRESÁRIA LIMITADA,2: null,,,8640203: SERVIÇOS DE DIÁLISE E NEFROLOGIA,,Sim
946,00.098.931/0001-74,,F.V.GRANDE MECANICA E LATARIA LTDA,Sim,,75353: Curitiba,PR,2: SOCIEDADE EMPRESÁRIA LIMITADA,2: null,,,4520001: SERVIÇOS DE MANUTENÇÃO E REPARAÇÃO MECÂNICA DE VEÍCULOS AUTOMOTORES,,Sim
947,00.099.115/0001-85,,"REZENDE BRASIL, CONSULTORES ASSOCIADOS LTDA",Não,,41238: Belo Horizonte,MG,19: SOCIEDADE SIMPLES LIMITADA,2: null,,,7112000: SERVIÇOS DE ENGENHARIA,,Sim
949,00.099.210/0001-89,,DILAB MEDICINA NUCLEAR LTDA,Sim,,25313: Recife,PE,2: SOCIEDADE EMPRESÁRIA LIMITADA,2: null,,,"8640205: SERVIÇOS DE DIAGNÓSTICO POR IMAGEM COM USO DE RADIAÇÃO IONIZANTE, EXCETO TOMOGRAFIA",,Sim
952,00.099.452/0001-72,,JOSELITO VIEIRA DOS SANTOS,Não,,31054: Aracaju,SE,1: EMPRESÁRIO (INDIVIDUAL),2: null,,,4530703: COMÉRCIO A VAREJO DE PEÇAS E ACESSÓRIOS NOVOS PARA VEÍCULOS AUTOMOTORES,,Sim
954,00.099.650/0001-36,,TERCEI SERVICOS LTDA,Não,,60011: Rio de Janeiro,RJ,19: SOCIEDADE SIMPLES LIMITADA,2: null,,,8121400: LIMPEZA EM PRÉDIOS E EM DOMICÍLIOS,,Sim
956,00.099.817/0001-69,,RABBIT INDUSTRIA E COMERCIO DE PRODUTOS DE HIGIENE PESSOAL LTDA,Sim,,76678: Londrina,PR,2: SOCIEDADE EMPRESÁRIA LIMITADA,2: null,,,"3291400: FABRICAÇÃO DE ESCOVAS, PINCÉIS E VASSOURAS",,Sim
957,00.100.002/0001-52,,D.L.R. ENGENHEIROS ASSOCIADOS SS,Sim,,71072: São Paulo,SP,18: SOCIEDADE SIMPLES PURA,2: null,,,7112000: SERVIÇOS DE ENGENHARIA,,Sim
961,00.100.408/0001-35,,TFI DO BRASIL COMERCIAL E IMPORTADORA LTDA,Sim,,60011: Rio de Janeiro,RJ,2: SOCIEDADE EMPRESÁRIA LIMITADA,2: null,,,4744001: COMÉRCIO VAREJISTA DE FERRAGENS E FERRAMENTAS,,Sim
962,00.100.451/0001-09,,ABPAP - ASSOCIACAO BRASILEIRA DE PENSIONISTAS E APOSENTADOS,Sim,,41238: Belo Horizonte,MG,23: ASSOCIAÇÃO PRIVADA,2: null,,,9430800: ATIVIDADES DE ASSOCIAÇÕES DE DEFESA DE DIREITOS SOCIAIS,,Sim
967,00.100.821/0001-08,,VILANOVA CORRETORA DE SEGUROS S/S LTDA,Sim,,12190: Teresina,PI,19: SOCIEDADE SIMPLES LIMITADA,2: null,,,"6622300: CORRETORES E AGENTES DE SEGUROS, DE PLANOS DE PREVIDÊNCIA COMPLEMENTAR E DE SAÚDE",,Sim
969,00.100.984/0001-82,,CENTRO DE IMAGEM DR. LEONEL FERREIRA LTDA,Sim,,74934: Cascavel,PR,2: SOCIEDADE EMPRESÁRIA LIMITADA,2: null,,,"8640205: SERVIÇOS DE DIAGNÓSTICO POR IMAGEM COM USO DE RADIAÇÃO IONIZANTE, EXCETO TOMOGRAFIA",,Sim
971,00.101.058/0001-21,,SICON SISTEMAS DE CONTROLE E INFORMATICA LTDA,Sim,,88412: Santa Maria,RS,2: SOCIEDADE EMPRESÁRIA LIMITADA,2: null,,,4751201: COMÉRCIO VAREJISTA ESPECIALIZADO DE EQUIPAMENTOS E SUPRIMENTOS DE INFORMÁTICA,,Sim
972,00.101.253/0001-51,,W L DE OLIVEIRA & CIA LTDA,Sim,,97012: BRASÍLIA,DF,2: SOCIEDADE EMPRESÁRIA LIMITADA,2: null,,,4742300: COMÉRCIO VAREJISTA DE MATERIAL ELÉTRICO,,Sim
973,00.101.262/0001-42,,ARMEC 137 COMERCIO E SERVICOS LTDA,Não,,60011: Rio de Janeiro,RJ,2: SOCIEDADE EMPRESÁRIA LIMITADA,2: null,,,9521500: REPARAÇÃO E MANUTENÇÃO DE EQUIPAMENTOS ELETROELETRÔNICOS DE USO PESSOAL E DOMÉSTICO,,Sim
975,00.101.678/0001-60,,PRONTORIM LTDA,Sim,,13897: Fortaleza,CE,2: SOCIEDADE EMPRESÁRIA LIMITADA,2: null,,,"8610101: ATIVIDADES DE ATENDIMENTO HOSPITALAR, EXCETO PRONTO-SOCORRO E UNIDADES PARA ATENDIMENTO A URGÊNCIAS",,Sim
977,00.101.732/0001-78,,LAHMANNO RIO COMERCIAL CIRURGICO LTDA,Sim,,60011: Rio de Janeiro,RJ,2: SOCIEDADE EMPRESÁRIA LIMITADA,2: null,,,3319800: MANUTENÇÃO E REPARAÇÃO DE EQUIPAMENTOS E PRODUTOS NÃO ESPECIFICADOS ANTERIORMENTE,,Sim
978,00.101.784/0001-44,,NOVA VITORIA REPRESENTACAO COMERCIAL DE MEDICAMENTOS MEDICO HOSPITALAR LTDA,Não,,60011: Rio de Janeiro,RJ,2: SOCIEDADE EMPRESÁRIA LIMITADA,2: null,,,4618402: REPRESENTANTES COMERCIAIS E AGENTES DO COMÉRCIO DE INSTRUMENTOS E MATERIAIS ODONTO-MÉDICO-HOSPITALARES,,Sim
979,,***.018.694-**,LUIZ FERNANDO CORREIA DE ARAUJO,Sim,,25313: Recife,PE,,1: MICROEMPRESA,,,,,Sim
981,00.102.195/0001-80,,HAWAI COMERCIO E SERVICOS LTDA,Sim,,12190: Teresina,PI,2: SOCIEDADE EMPRESÁRIA LIMITADA,2: null,,,5310502: ATIVIDADES DE FRANQUEADAS E PERMISSIONÁRIAS DO CORREIO NACIONAL,,Sim
984,00.102.372/0001-29,,BYTECH AGRO COMERCIO DE INSUMOS AGRICOLAS LTDA,Sim,,92274: Aparecida de Goiânia,GO,2: SOCIEDADE EMPRESÁRIA LIMITADA,2: null,,,"4692300: COMÉRCIO ATACADISTA DE MERCADORIAS EM GERAL, COM PREDOMINÂNCIA DE INSUMOS AGROPECUÁRIOS",,Sim
991,00.103.034/0001-01,,ALTINENSE DIVISORIAS E REPRESENTACOES LTDA,Sim,,58696: Nova Iguaçu,RJ,2: SOCIEDADE EMPRESÁRIA LIMITADA,2: null,,,"4330402: INSTALAÇÃO DE PORTAS, JANELAS, TETOS, DIVISÓRIAS E ARMÁRIOS EMBUTIDOS DE QUALQUER MATERIAL",,Sim
992,00.103.115/0001-01,,BRASOFTWARE INTERNET LTDA,Sim,,68977: Poá,SP,2: SOCIEDADE EMPRESÁRIA LIMITADA,2: null,,,6203100: DESENVOLVIMENTO E LICENCIAMENTO DE PROGRAMAS DE COMPUTADOR NÃO-CUSTOMIZÁVEIS,,Sim
994,00.103.490/0001-51,,CEANEST - CENTRAL DE ANESTESIA LTDA,Sim,,8036: Imperatriz,MA,2: SOCIEDADE EMPRESÁRIA LIMITADA,2: null,,,"8610101: ATIVIDADES DE ATENDIMENTO HOSPITALAR, EXCETO PRONTO-SOCORRO E UNIDADES PARA ATENDIMENTO A URGÊNCIAS",,Sim
995,00.103.582/0001-31,,NOVA ENGEVIX ENGENHARIA E PROJETOS S.A.,Sim,,81051: Florianópolis,SC,48: SOCIEDADE ANÔNIMA FECHADA,2: null,,,7112000: SERVIÇOS DE ENGENHARIA,,Sim
996,00.103.582/0003-01,,NOVA ENGEVIX ENGENHARIA E PROJETOS S.A.,Não,,81051: Florianópolis,SC,48: SOCIEDADE ANÔNIMA FECHADA,2: null,,,7112000: SERVIÇOS DE ENGENHARIA,,Sim
998,00.103.621/0001-09,,SUPERVELOZ MARKETING LTDA,Sim,,60011: Rio de Janeiro,RJ,2: SOCIEDADE EMPRESÁRIA LIMITADA,2: null,,,4761001: COMÉRCIO VAREJISTA DE LIVROS,,Sim
1000,,***.036.644-**,THALIA ADRIANA RIBEIRO SILVA ALECIO,Sim,,24198: Garanhuns,PE,,1: MICROEMPRESA,,,,,Sim
1001,00.103.689/0001-80,,ASSOCIACAO BRASILEIRA DE RELACOES PUBLICAS (ABRP),Sim,,97012: BRASÍLIA,DF,23: ASSOCIAÇÃO PRIVADA,2: null,,,9412099: OUTRAS ATIVIDADES ASSOCIATIVAS PROFISSIONAIS,,Sim
1004,00.103.788/0006-76,,SAETA INDUSTRIA E COMERCIO ELETROELETRONICO LTDA,Sim,,93734: Goiânia,GO,2: SOCIEDADE EMPRESÁRIA LIMITADA,2: null,,,4673700: COMÉRCIO ATACADISTA DE MATERIAL ELÉTRICO,,Sim
1005,,***.038.971-**,JEAN ROSSI GOMES DA SILVA,Sim,,90514: Campo Grande,MS,,1: MICROEMPRESA,,,,,Sim
1006,00.103.956/0001-19,,UNIMED LITORAL SUL/RS - COOPERATIVA DE ASSISTENCIA A SAUDE LTDA,Sim,,88153: Rio Grande,RS,4: COOPERATIVA,2: null,,,6550200: PLANOS DE SAÚDE,,Sim
1009,,***.042.140-**,DEBORA APARECIDA CERENTINI,Sim,,85596: Cachoeira do Sul,RS,,1: MICROEMPRESA,,,,,Sim
1010,00.104.266/0001-84,,MASTERGRAPH SERVICOS GRAFICOS LTDA,Não,,60011: Rio de Janeiro,RJ,19: SOCIEDADE SIMPLES LIMITADA,2: null,,,1821100: SERVIÇOS DE PRÉ-IMPRESSÃO,,Sim
1011,00.104.352/0001-97,,CELEBRA ADMINISTRACAO DE EVENTOS LTDA,Sim,,75639: Foz do Iguaçu,PR,2: SOCIEDADE EMPRESÁRIA LIMITADA,2: null,,,"8230001: SERVIÇOS DE ORGANIZAÇÃO DE FEIRAS, CONGRESSOS, EXPOSIÇÕES E FESTAS",,Sim
1014,,***.045.314-**,MARIA DAS GRACAS CORREA DE OLIVEIRA,Sim,,25313: Recife,PE,,1: MICROEMPRESA,,,,,Sim
1017,00.104.720/0001-05,,ECC PRESTACAO DE SERVICOS LTDA,Sim,,38490: Salvador,BA,2: SOCIEDADE EMPRESÁRIA LIMITADA,2: null,,,4221905: MANUTENÇÃO DE ESTAÇÕES E REDES DE TELECOMUNICAÇÕES,,Sim
1018,00.104.725/0001-20,,POSTO DE COMBUSTIVEIS LINHA VERDE LTDA,Sim,,35092: Entre Rios,BA,2: SOCIEDADE EMPRESÁRIA LIMITADA,2: null,,,4731800: COMÉRCIO VAREJISTA DE COMBUSTÍVEIS PARA VEÍCULOS AUTOMOTORES,,Sim
1019,00.104.767/0001-60,,IDEIA VITAL COMERCIO E REPRESENTACOES LTDA,Sim,,60011: Rio de Janeiro,RJ,2: SOCIEDADE EMPRESÁRIA LIMITADA,2: null,,,"4691500: COMÉRCIO ATACADISTA DE MERCADORIAS EM GERAL, COM PREDOMINÂNCIA DE PRODUTOS ALIMENTÍCIOS",,Sim
1020,00.104.842/0001-93,,DISTRIBUIDORA FORTALEZA LTDA,Não,,11169: MESQUITA,RJ,19: SOCIEDADE SIMPLES LIMITADA,2: null,,,4647801: COMÉRCIO ATACADISTA DE ARTIGOS DE ESCRITÓRIO E DE PAPELARIA,,Sim
1023,00.105.032/0001-51,,MP PURIFICADORES DE AGUA LTDA,Sim,,81051: Florianópolis,SC,2: SOCIEDADE EMPRESÁRIA LIMITADA,2: null,,,4753900: COMÉRCIO VAREJISTA ESPECIALIZADO DE ELETRODOMÉSTICOS E EQUIPAMENTOS DE ÁUDIO E VÍDEO,,Sim
1025,00.105.137/0001-00,,WEISSHEIMER & CIA LTDA,Não,,88412: Santa Maria,RS,2: SOCIEDADE EMPRESÁRIA LIMITADA,2: null,,,4731800: COMÉRCIO VAREJISTA DE COMBUSTÍVEIS PARA VEÍCULOS AUTOMOTORES,,Sim
1029,,***.063.000-**,HELENA ZANELLA PRATES,Sim,,87912: Pelotas,RS,,1: MICROEMPRESA,,,,,Sim
1030,00.106.386/0001-10,,"COMPAGER - LOGISTICA, TRANSPORTES E ARMAZENS GERAIS LTDA",Sim,,76678: Londrina,PR,2: SOCIEDADE EMPRESÁRIA LIMITADA,2: null,,,"4930202: TRANSPORTE RODOVIÁRIO DE CARGA, EXCETO PRODUTOS PERIGOSOS E MUDANÇAS, INTERMUNICIPAL, INTERESTADUAL E INTERNACIONAL",,Sim
1032,,***.065.590-**,CRISTIANO STRECK,Sim,,88633: São Borja,RS,,1: MICROEMPRESA,,,,,Sim
